#;Release;Date exact;Release source;Card;Set code;Number;Edition;Variant;Variant name;Set / expansion;Rarity;Artist;Known finishes;Finish evidence;Langs;EN;FR;DE;IT;ES;PT;NL;PL;RU;JA;KO;ZH-T;ZH-S;ID;TH;Cardmarket URL;Row ID;Coverage version;Coverage denominator;Row count delta;Dropped language relationships;Legacy scalar dates overwritten;Unsourced presented as reviewed exact;Migration disposition;Terminal state;Date provenance disposition;Release event IDs;Supported date languages;Needs-evidence date languages;Legacy row SHA-256;Reconciliation warning
1;1997-03-05;yes;https://bulbapedia.bulbagarden.net/wiki/Jungle_%28TCG%29;Snorlax;PJU;;—;base;;Pokémon Jungle;Holo Rare;;holo;marketplace-claimed;1;;;;;;;;;;X;;;;;;https://www.cardmarket.com/en/Pokemon/Products/Singles/Pokemon-Jungle/Snorlax;pju-nonumber-base-none;legacy-set-reconciliation-v1;203;0;0;0;0;lossless-projected;complete;newly-sourced;EVENT:a6eae0a49ffd0643;Japanese;;sha256:ed08e74ff2d9dbffce593bb89db2ea4ab50de268d20df7b52271bea2763b0c6f;
2;1997-12;yes;;Hungry Snorlax;UNP;;—;base;;Unnumbered Promos;Promo;;;pending;1;;;;;;;;;;X;;;;;;https://www.cardmarket.com/en/Pokemon/Products/Singles/Unnumbered-Promos/Hungry-Snorlax;unp-nonumber-base-none;legacy-set-reconciliation-v1;203;0;0;0;0;needs-evidence;needs-evidence;inherited-legacy-estimate-with-warning;;;Japanese;sha256:c465414bcb88f1d7985d6a15b827004f4e5c8eae265cadd19776ea646f97c5fc;Legacy scalar has no row-level source and is not a reviewed release event.
3;1998-03-23;yes;;Snorlax;EXS;;—;base;;Expansion Sheet;Uncommon;Keita Takahashi;non-holo;confirmed;1;;;;;;;;;;X;;;;;;https://www.cardmarket.com/en/Pokemon/Products/Singles/Expansion-Sheet/Snorlax-EXS;exs-nonumber-base-none;legacy-set-reconciliation-v1;203;0;0;0;0;needs-evidence;needs-evidence;inherited-legacy-estimate-with-warning;;;Japanese;sha256:ee6ae8f5273cecd3e1f14a50ed5779598071a7332c291f6df02e382db9ebc095;Legacy scalar has no row-level source and is not a reviewed release event.
4;1999-06-16;yes;;Snorlax;JU;11;1st Edition;V1;;Jungle;Holo Rare;Ken Sugimori;holo;confirmed, marketplace-claimed;7;X;X;X;X;X;X;X;;;;;;;;;https://www.cardmarket.com/en/Pokemon/Products/Singles/Jungle/Snorlax-V1-JU11;ju-11-v1-1e;legacy-set-reconciliation-v1;203;0;0;0;0;needs-evidence;needs-evidence;inherited-legacy-estimate-with-warning;;;English, French, German, Italian, Spanish, Portuguese, Dutch;sha256:39d422e43f316fc2c911aaa3be13b1df96ca098cc296861123698ae640e7eaea;Legacy scalar has no row-level source and is not a reviewed release event.
5;1999-06-16;yes;;Snorlax;JU;11;Unlimited;V1;;Jungle;Holo Rare;Ken Sugimori;holo;confirmed, marketplace-claimed;7;X;X;X;X;X;X;X;;;;;;;;;https://www.cardmarket.com/en/Pokemon/Products/Singles/Jungle/Snorlax-V1-JU11;ju-11-v1-unl;legacy-set-reconciliation-v1;203;0;0;0;0;needs-evidence;needs-evidence;inherited-legacy-estimate-with-warning;;;English, French, German, Italian, Spanish, Portuguese, Dutch;sha256:d9b5a16db178eeceb5c385886b2038bc27c8ca729d0f585847e163a0db1e9247;Legacy scalar has no row-level source and is not a reviewed release event.
6;1999-06-16;yes;;Snorlax;JU;27;1st Edition;V2;;Jungle;Rare;Ken Sugimori;non-holo;confirmed, marketplace-claimed;7;X;X;X;X;X;X;X;;;;;;;;;https://www.cardmarket.com/en/Pokemon/Products/Singles/Jungle/Snorlax-V2-JU27;ju-27-v2-1e;legacy-set-reconciliation-v1;203;0;0;0;0;needs-evidence;needs-evidence;inherited-legacy-estimate-with-warning;;;English, French, German, Italian, Spanish, Portuguese, Dutch;sha256:554696c16caa0940ca3ab5ffc1e40a8b1d3590580d62eefb33feae7b4ffdb081;Legacy scalar has no row-level source and is not a reviewed release event.
7;1999-06-16;yes;;Snorlax;JU;27;Unlimited;V2;;Jungle;Rare;Ken Sugimori;non-holo;confirmed, marketplace-claimed;7;X;X;X;X;X;X;X;;;;;;;;;https://www.cardmarket.com/en/Pokemon/Products/Singles/Jungle/Snorlax-V2-JU27;ju-27-v2-unl;legacy-set-reconciliation-v1;203;0;0;0;0;needs-evidence;needs-evidence;inherited-legacy-estimate-with-warning;;;English, French, German, Italian, Spanish, Portuguese, Dutch;sha256:578d1e2dd3ebe04cd4bbe234b9b4de852e8cb14c3400c9526b4b20846e46fceb;Legacy scalar has no row-level source and is not a reviewed release event.
8;1999-06-25;yes;https://bulbapedia.bulbagarden.net/wiki/Gym_Challenge_%28TCG%29;Rocket's Snorlax;G2;;—;base;;Challenge from the Darkness;Rare;;non-holo;marketplace-claimed;1;;;;;;;;;;X;;;;;;https://www.cardmarket.com/en/Pokemon/Products/Singles/Challenge-from-the-Darkness/Rockets-Snorlax-CFTD;g2-nonumber-base-none;legacy-set-reconciliation-v1;203;0;0;0;0;lossless-projected;complete;newly-sourced;EVENT:00ce8e3801512b09;Japanese;;sha256:19522fdef06e8a810292533aa573d0143bdab1db3b5536f2855d2ab0138ed242;
9;2000-02-24;yes;;Snorlax;B2;30;Unlimited;base;;Base Set 2;Rare;Ken Sugimori;non-holo;confirmed;1;X;;;;;;;;;;;;;;;https://www.cardmarket.com/en/Pokemon/Products/Singles/Base-Set-2/Snorlax-B230;b2-30-base-unl;legacy-set-reconciliation-v1;203;0;0;0;0;needs-evidence;needs-evidence;inherited-legacy-estimate-with-warning;;;English;sha256:9bc5e2a23d39a96b6f7ebabe3311b5c0017b9ab3fb0543b1349100a3eb733b2c;Legacy scalar has no row-level source and is not a reviewed release event.
10;2000-08-14;yes;;Rocket's Snorlax;GH;33;1st Edition;base;;Gym Heroes;Rare;Shin-ichi Yoshida;non-holo;confirmed;1;X;;;;;;;;;;;;;;;https://www.cardmarket.com/en/Pokemon/Products/Singles/Gym-Heroes/Rockets-Snorlax-GH33;gh-33-base-1e;legacy-set-reconciliation-v1;203;0;0;0;0;needs-evidence;needs-evidence;inherited-legacy-estimate-with-warning;;;English;sha256:b74ffe63396db6f0dedcd961b872ab1b0be977c93e51b2cb8352e841c44f4527;Legacy scalar has no row-level source and is not a reviewed release event.
11;2000-08-14;yes;;Rocket's Snorlax;GH;33;Unlimited;base;;Gym Heroes;Rare;Shin-ichi Yoshida;non-holo;confirmed;1;X;;;;;;;;;;;;;;;https://www.cardmarket.com/en/Pokemon/Products/Singles/Gym-Heroes/Rockets-Snorlax-GH33;gh-33-base-unl;legacy-set-reconciliation-v1;203;0;0;0;0;needs-evidence;needs-evidence;inherited-legacy-estimate-with-warning;;;English;sha256:3f2d249a5f446ec57b0b22731f4204749478aaddd9411dd8bce6883facf6c33f;Legacy scalar has no row-level source and is not a reviewed release event.
12;2002-05-24;yes;;Snorlax;LC;64;Unlimited;base;;Legendary Collection;Uncommon;Ken Sugimori;non-holo, reverse-holo;confirmed;1;X;;;;;;;;;;;;;;;https://www.cardmarket.com/en/Pokemon/Products/Singles/Legendary-Collection/Snorlax-LC64;lc-64-base-unl;legacy-set-reconciliation-v1;203;0;0;0;0;needs-evidence;needs-evidence;inherited-legacy-estimate-with-warning;;;English;sha256:991777cc29aab8093ba184f0721c432ca25d42f7eef0103a767017d4ecff36db;Legacy scalar has no row-level source and is not a reviewed release event.
13;2002-08;yes;;Snorlax;WP;49;—;base;;Wizards Black Star Promos;Promo;Craig Turvey;non-holo;confirmed;1;X;;;;;;;;;;;;;;;https://www.cardmarket.com/en/Pokemon/Products/Singles/Wizards-Black-Star-Promos/Snorlax-WP49;wp-49-base-none;legacy-set-reconciliation-v1;203;0;0;0;0;needs-evidence;needs-evidence;inherited-legacy-estimate-with-warning;;;English;sha256:46eaf825f877a6dc5e4f359b63d1fb76f7c16a8a2ed6bba5830036410a2b1137;Legacy scalar has no row-level source and is not a reviewed release event.
14;2002-10-04;yes;https://bulbapedia.bulbagarden.net/wiki/Skyridge_%28TCG%29;Snorlax;EC5;062;1st Edition;base;;Mysterious Mountains;Common;;non-holo;marketplace-claimed;1;;;;;;;;;;X;;;;;;https://www.cardmarket.com/en/Pokemon/Products/Singles/Mysterious-Mountains/Snorlax-EC5062;ec5-062-base-1e;legacy-set-reconciliation-v1;203;0;0;0;0;lossless-projected;complete;newly-sourced;EVENT:5e1b8353ad045f1e;Japanese;;sha256:0a37052f5dcb34fffef8621ba024e15f5429ad06dd2e768ab5f2510a8ebe0cbb;
15;2002-10-04;yes;https://bulbapedia.bulbagarden.net/wiki/Skyridge_%28TCG%29;Snorlax;EC5;062;Unlimited;base;;Mysterious Mountains;Common;;non-holo;marketplace-claimed;1;;;;;;;;;;X;;;;;;https://www.cardmarket.com/en/Pokemon/Products/Singles/Mysterious-Mountains/Snorlax-EC5062;ec5-062-base-unl;legacy-set-reconciliation-v1;203;0;0;0;0;lossless-projected;complete;newly-sourced;EVENT:5e1b8353ad045f1e;Japanese;;sha256:8f804d950ffd791153112e85ae30a591e26e2c26d3bf169da2559403ad3c166c;
16;2003-05-12;yes;;Snorlax;SK;100;—;base;;Skyridge;Common;Naoyo Kimura;non-holo, reverse-holo;confirmed, marketplace-claimed;3;X;;X;X;;;;;;;;;;;;https://www.cardmarket.com/en/Pokemon/Products/Singles/Skyridge/Snorlax-SK100;sk-100-base-none;legacy-set-reconciliation-v1;203;0;0;0;0;needs-evidence;needs-evidence;inherited-legacy-estimate-with-warning;;;English, German, Italian;sha256:73f58f2ba8f55b56ef05f65d3d6b0dd0ec3432f26441d17b04303f1098c57683;Legacy scalar has no row-level source and is not a reviewed release event.
17;2004-04-09;yes;https://bulbapedia.bulbagarden.net/wiki/EX_FireRed_%26_LeafGreen_%28TCG%29;Snorlax;PCG1;074;1st Edition;base;;Flight of Legends;Holo Rare;;non-holo, holo;confirmed;1;;;;;;;;;;X;;;;;;https://www.cardmarket.com/en/Pokemon/Products/Singles/Flight-of-Legends/Snorlax-PCG1074;pcg1-074-base-1e;legacy-set-reconciliation-v1;203;0;0;0;0;lossless-projected;complete;newly-sourced;EVENT:673b97a19abc42ab;Japanese;;sha256:f1b03658fe7b1a0cd3c7531e9f2a86b614496b73bfd22d0a94b57f9cf4b9f8b5;
18;2004-04-09;yes;https://bulbapedia.bulbagarden.net/wiki/EX_FireRed_%26_LeafGreen_%28TCG%29;Snorlax;PCG1;074;Unlimited;base;;Flight of Legends;Holo Rare;;non-holo, holo;confirmed;1;;;;;;;;;;X;;;;;;https://www.cardmarket.com/en/Pokemon/Products/Singles/Flight-of-Legends/Snorlax-PCG1074;pcg1-074-base-unl;legacy-set-reconciliation-v1;203;0;0;0;0;lossless-projected;complete;newly-sourced;EVENT:673b97a19abc42ab;Japanese;;sha256:82644712f324a96961ce3cfa7d49b9126bca756b812857b022d90fd430d2342a;
19;2004-08-30;yes;https://bulbapedia.bulbagarden.net/wiki/EX_FireRed_%26_LeafGreen_%28TCG%29;Snorlax;FL;15;—;base;;EX FireRed & LeafGreen;Holo Rare;Kagemaru Himeno;holo, reverse-holo;confirmed, marketplace-claimed;4;X;X;X;X;;;;;;;;;;;;https://www.cardmarket.com/en/Pokemon/Products/Singles/EX-FireRed-LeafGreen/Snorlax-FL15;fl-15-base-none;legacy-set-reconciliation-v1;203;0;0;0;0;explicitly-split;needs-evidence;newly-sourced;EVENT:448bf13e4ffe086b;English;French, German, Italian;sha256:0b766747a376136e39afce40fcee4205a8a9579cd99c057c98fd411ff88f4006;The scalar is not copied onto languages outside the source event scope.
20;2004-10-15;yes;https://bulbapedia.bulbagarden.net/wiki/EX_Team_Rocket_Returns_%28TCG%29;Rocket's Snorlax ex;PCG3;062;1st Edition;base;;Rocket Gang Strikes Back;Ultra Rare;;non-holo;confirmed;1;;;;;;;;;;X;;;;;;https://www.cardmarket.com/en/Pokemon/Products/Singles/Rocket-Gang-Strikes-Back/Rockets-Snorlax-ex-PCG3062;pcg3-062-base-1e;legacy-set-reconciliation-v1;203;0;0;0;0;lossless-projected;complete;newly-sourced;EVENT:da61d94ccfb0c46b;Japanese;;sha256:fa5718326322ae51c00839417e39278e696a409f4d99feef669a169653cefeda;
21;2004-10-15;yes;https://bulbapedia.bulbagarden.net/wiki/EX_Team_Rocket_Returns_%28TCG%29;Rocket's Snorlax ex;PCG3;062;Unlimited;base;;Rocket Gang Strikes Back;Ultra Rare;;non-holo;confirmed;1;;;;;;;;;;X;;;;;;https://www.cardmarket.com/en/Pokemon/Products/Singles/Rocket-Gang-Strikes-Back/Rockets-Snorlax-ex-PCG3062;pcg3-062-base-unl;legacy-set-reconciliation-v1;203;0;0;0;0;lossless-projected;complete;newly-sourced;EVENT:da61d94ccfb0c46b;Japanese;;sha256:e7ceed0268ead231b594bd9081c4038b4b20421167cda2a9e697300f7cfa37dc;
22;2004-11-08;yes;https://bulbapedia.bulbagarden.net/wiki/EX_Team_Rocket_Returns_%28TCG%29;Rocket's Snorlax ex;TRR;104;—;base;;EX Team Rocket Returns;Ultra Rare;Mitsuhiro Arita;holo;confirmed, pending;2;X;;;;;X;;;;;;;;;;https://www.cardmarket.com/en/Pokemon/Products/Singles/EX-Team-Rocket-Returns/Rockets-Snorlax-ex-TRR104;trr-104-base-none;legacy-set-reconciliation-v1;203;0;0;0;0;explicitly-split;needs-evidence;newly-sourced;EVENT:c458c936b21dd059;English;Portuguese;sha256:ba893cc6cf93a8c248e1fbd045bd41ef9010b00e8e44ff31eb98abaed9df08c7;The scalar is not copied onto languages outside the source event scope.
23;2006-06-29;yes;https://bulbapedia.bulbagarden.net/wiki/EX_Dragon_Frontiers_%28TCG%29;Snorlax δ Delta Species;PCG9;001;1st Edition;base;;Offense and Defense of the Furthest Ends;Holo Rare;;holo;confirmed;1;;;;;;;;;;X;;;;;;https://www.cardmarket.com/en/Pokemon/Products/Singles/Offense-and-Defense-of-the-Furthest-Ends/Snorlax-Delta-Species-PCG9001;pcg9-001-base-1e;legacy-set-reconciliation-v1;203;0;0;0;0;lossless-projected;complete;newly-sourced;EVENT:febec0e0517d34e1;Japanese;;sha256:7dfeb535fd819cbb1d945694b3e27f86582b695d93cfb51b0947c9996f93018e;
24;2006-06-29;yes;https://bulbapedia.bulbagarden.net/wiki/EX_Dragon_Frontiers_%28TCG%29;Snorlax δ Delta Species;PCG9;001;Unlimited;base;;Offense and Defense of the Furthest Ends;Holo Rare;;holo;confirmed;1;;;;;;;;;;X;;;;;;https://www.cardmarket.com/en/Pokemon/Products/Singles/Offense-and-Defense-of-the-Furthest-Ends/Snorlax-Delta-Species-PCG9001;pcg9-001-base-unl;legacy-set-reconciliation-v1;203;0;0;0;0;lossless-projected;complete;newly-sourced;EVENT:febec0e0517d34e1;Japanese;;sha256:2f7c729dd2757b13ba72bb71cb36b0c1fb6466905a8ec07b50ea3f055a5e3bfb;
25;2006-11-08;yes;https://bulbapedia.bulbagarden.net/wiki/EX_Dragon_Frontiers_%28TCG%29;Snorlax δ Delta Species;DF;10;—;base;;EX Dragon Frontiers;Holo Rare;Masakazu Fukuda;holo, reverse-holo;confirmed;4;X;X;X;X;;;;;;;;;;;;https://www.cardmarket.com/en/Pokemon/Products/Singles/EX-Dragon-Frontiers/Snorlax-Delta-Species-DF10;df-10-base-none;legacy-set-reconciliation-v1;203;0;0;0;0;explicitly-split;needs-evidence;newly-sourced;EVENT:6f24551276f6bd21;English;French, German, Italian;sha256:efaece46cb418f13265a23b2b98a422156f63ae7c10558c704ebc31a3f01814d;The scalar is not copied onto languages outside the source event scope.
26;2006-11-30;yes;https://bulbapedia.bulbagarden.net/wiki/Diamond_%26_Pearl_%28TCG%29;Snorlax Lv.35;DP1;;1st Edition;base;;Space-Time Creation;Uncommon;Ken Sugimori;non-holo;marketplace-claimed;1;;;;;;;;;;X;;;;;;https://www.cardmarket.com/en/Pokemon/Products/Singles/Space-Time-Creation/Snorlax-Lv35-DP1;dp1-nonumber-base-1e;legacy-set-reconciliation-v1;203;0;0;0;0;lossless-projected;complete;newly-sourced;EVENT:071747946af7720c;Japanese;;sha256:b1732906476d5f0bd9197168f606f7c5ce428e297c5afbaa9d834d93801188a8;
27;2006-11-30;yes;https://bulbapedia.bulbagarden.net/wiki/Diamond_%26_Pearl_%28TCG%29;Snorlax Lv.35;DP1;;Unlimited;base;;Space-Time Creation;Uncommon;Ken Sugimori;non-holo;marketplace-claimed;1;;;;;;;;;;X;;;;;;https://www.cardmarket.com/en/Pokemon/Products/Singles/Space-Time-Creation/Snorlax-Lv35-DP1;dp1-nonumber-base-unl;legacy-set-reconciliation-v1;203;0;0;0;0;lossless-projected;complete;newly-sourced;EVENT:071747946af7720c;Japanese;;sha256:1ccc9555ea54b487db8f5ea064aa1b87a5b0bb8d04a6a656a7d76ef3ac2abeb3;
28;2007-05-23;yes;https://bulbapedia.bulbagarden.net/wiki/Diamond_%26_Pearl_%28TCG%29;Snorlax Lv.35;DP;37;—;base;;Diamond & Pearl;Rare;Ken Sugimori;non-holo, reverse-holo;confirmed, marketplace-claimed;7;X;X;X;X;X;X;;X;;;;;;;;https://www.cardmarket.com/en/Pokemon/Products/Singles/Diamond-Pearl/Snorlax-Lv35-DP37;dp-37-base-none;legacy-set-reconciliation-v1;203;0;0;0;0;explicitly-split;needs-evidence;newly-sourced;EVENT:550fb7dee7e1c10c;English;French, German, Italian, Spanish, Portuguese, Polish;sha256:d2cf051f38d710734e010059f76be775604e24b92c2040b2b81dc06498df7a5a;The scalar is not copied onto languages outside the source event scope.
29;2008-10;yes;;Snorlax Lv.37;DP-P;126;—;base;;DP Promos;Promo;Kagemaru Himeno;;pending;1;;;;;;;;;;X;;;;;;https://www.cardmarket.com/en/Pokemon/Products/Singles/DP-Promos/Snorlax-Lv37;dpp-126-base-none;legacy-set-reconciliation-v1;203;0;0;0;0;needs-evidence;needs-evidence;inherited-legacy-estimate-with-warning;;;Japanese;sha256:d6cf07c844196a1fb6db0c8fce0912c74ba7852a8a0a427967f66ff2a605ff35;Legacy scalar has no row-level source and is not a reviewed release event.
30;2008-12;yes;;Snorlax Lv.X;DP-P;127;—;base;;DP Promos;Promo;Shizurow;;pending;2;;;;;;;;;;X;X;;;;;https://www.cardmarket.com/en/Pokemon/Products/Singles/DP-Promos/Snorlax-LvX;dpp-127-base-none;legacy-set-reconciliation-v1;203;0;0;0;0;needs-evidence;needs-evidence;inherited-legacy-estimate-with-warning;;;Japanese, Korean;sha256:cdcacdc55e6404ed053ae1d4dd2aeef4715b81666b7a6bb26de51d5f48628875;Legacy scalar has no row-level source and is not a reviewed release event.
31;2008-12-26;yes;https://bulbapedia.bulbagarden.net/wiki/Rising_Rivals_%28TCG%29;Snorlax Lv.40;Pt2;070;1st Edition;base;;Bonds to the End of Time;Common;Kouki Saitou;non-holo, reverse-holo;marketplace-claimed;1;;;;;;;;;;X;;;;;;https://www.cardmarket.com/en/Pokemon/Products/Singles/Bonds-to-the-End-of-Time/Snorlax-Lv40-Pt2070;pt2-070-base-1e;legacy-set-reconciliation-v1;203;0;0;0;0;lossless-projected;complete;newly-sourced;EVENT:14f22991f3d5476c;Japanese;;sha256:f3107935b3fd55dfc5d0b57aef82a9eab0490a7892f6800efc8ef7dbca766148;
32;2008-12-26;yes;https://bulbapedia.bulbagarden.net/wiki/Rising_Rivals_%28TCG%29;Snorlax Lv.40;Pt2;070;Unlimited;base;;Bonds to the End of Time;Common;Kouki Saitou;non-holo, reverse-holo;marketplace-claimed;1;;;;;;;;;;X;;;;;;https://www.cardmarket.com/en/Pokemon/Products/Singles/Bonds-to-the-End-of-Time/Snorlax-Lv40-Pt2070;pt2-070-base-unl;legacy-set-reconciliation-v1;203;0;0;0;0;lossless-projected;complete;newly-sourced;EVENT:14f22991f3d5476c;Japanese;;sha256:727d1604452f4df294895cc37b210160b4b462daea4fb0a3172afc9b75918bf9;
33;2009-05-16;yes;;Snorlax LV.X;RR;111;—;base;;Rising Rivals;Ultra Rare;Shizurow;holo, reverse-holo;confirmed, marketplace-claimed;4;X;X;X;X;;;;;;;;;;;;https://www.cardmarket.com/en/Pokemon/Products/Singles/Rising-Rivals/Snorlax-LVX-RR111;rr-111-base-none;legacy-set-reconciliation-v1;203;0;0;0;0;needs-evidence;needs-evidence;inherited-legacy-estimate-with-warning;;;English, French, German, Italian;sha256:f562ed6aab765bfa65854d2a21377df2ab0b004f7fc0917ef4f7d1997720d4be;Legacy scalar has no row-level source and is not a reviewed release event.
34;2009-05-16;yes;;Snorlax Lv.37;RR;33;—;V1;;Rising Rivals;Rare;Kagemaru Himeno;non-holo, reverse-holo;confirmed, marketplace-claimed;4;X;X;X;X;;;;;;;;;;;;https://www.cardmarket.com/en/Pokemon/Products/Singles/Rising-Rivals/Snorlax-Lv37-V1-RR33;rr-33-v1-none;legacy-set-reconciliation-v1;203;0;0;0;0;needs-evidence;needs-evidence;inherited-legacy-estimate-with-warning;;;English, French, German, Italian;sha256:dbc91d0038ec15e3266b1744e0c98338fc3dfff274138b75c16537e481a89769;Legacy scalar has no row-level source and is not a reviewed release event.
35;2009-05-16;yes;;Snorlax Lv.37;RR;33;—;V2;;Rising Rivals;Promo;Kagemaru Himeno;holo;confirmed, pending;4;X;X;X;X;;;;;;;;;;;;https://www.cardmarket.com/en/Pokemon/Products/Singles/Rising-Rivals/Snorlax-Lv37-V2-RR33;rr-33-v2-none;legacy-set-reconciliation-v1;203;0;0;0;0;needs-evidence;needs-evidence;inherited-legacy-estimate-with-warning;;;English, French, German, Italian;sha256:1debbf9b6a7f9a89d277c90e9dfed6b2138e73a145b0dffdfe1949428fe6d736;Legacy scalar has no row-level source and is not a reviewed release event.
36;2009-05-16;yes;;Snorlax Lv.40;RR;81;—;base;;Rising Rivals;Common;Kouki Saitou;non-holo, reverse-holo;confirmed, marketplace-claimed;4;X;X;X;X;;;;;;;;;;;;https://www.cardmarket.com/en/Pokemon/Products/Singles/Rising-Rivals/Snorlax-Lv40-RR81;rr-81-base-none;legacy-set-reconciliation-v1;203;0;0;0;0;needs-evidence;needs-evidence;inherited-legacy-estimate-with-warning;;;English, French, German, Italian;sha256:3f8ed5d6b80dea86e10aee66283c34549c587c6916ecf1e2815d9e555416969b;Legacy scalar has no row-level source and is not a reviewed release event.
37;2010-04-16;yes;https://bulbapedia.bulbagarden.net/wiki/Lost_Link_%28TCG%29;Snorlax;LL;028;Unlimited;base;;Lost Link;Holo Rare;Kent Kanetsuna;holo;marketplace-claimed;1;;;;;;;;;;X;;;;;;https://www.cardmarket.com/en/Pokemon/Products/Singles/Lost-Link/Snorlax-LL028;ll-028-base-unl;legacy-set-reconciliation-v1;203;0;0;0;0;lossless-projected;complete;newly-sourced;EVENT:da68f4608a2dd1a6;Japanese;;sha256:c96109dfe731a5f9acba4ad1528c3d1349472bbc10c402f1e2aeefe167ab1810;
38;2011-02-09;yes;;Snorlax;CL;33;—;V1;;Call of Legends;Rare;Kent Kanetsuna;non-holo, reverse-holo;confirmed, marketplace-claimed;4;X;X;X;X;;;;;;;;;;;;https://www.cardmarket.com/en/Pokemon/Products/Singles/Call-of-Legends/Snorlax-V1-CL33;cl-33-v1-none;legacy-set-reconciliation-v1;203;0;0;0;0;needs-evidence;needs-evidence;inherited-legacy-estimate-with-warning;;;English, French, German, Italian;sha256:0da5fa16b8fdcf6ec7c56784955017e3743ddbeb74bdf8316d6958775e4e76af;Legacy scalar has no row-level source and is not a reviewed release event.
39;2011-02-09;yes;;Snorlax;CL;33;—;V2;;Call of Legends;Promo;Kent Kanetsuna;holo;confirmed, pending;4;X;X;X;X;;;;;;;;;;;;https://www.cardmarket.com/en/Pokemon/Products/Singles/Call-of-Legends/Snorlax-V2-CL000;cl-33-v2-none;legacy-set-reconciliation-v1;203;0;0;0;0;needs-evidence;needs-evidence;inherited-legacy-estimate-with-warning;;;English, French, German, Italian;sha256:cc390cf6175181628da99cea207a6dc5e32be38d70eb7970810080c348e88959;Legacy scalar has no row-level source and is not a reviewed release event.
40;2012-04-20;yes;https://bulbapedia.bulbagarden.net/wiki/National_Beginning_Set_%28TCG%29;Snorlax;HSZ;027;—;base;;National Pokédex Beginning Set;Fixed;Ken Sugimori;;pending;1;;;;;;;;;;X;;;;;;https://www.cardmarket.com/en/Pokemon/Products/Singles/National-Pokedex-Beginning-Set/Snorlax;hsz-027-base-none;legacy-set-reconciliation-v1;203;0;0;0;0;lossless-projected;complete;newly-sourced;EVENT:67106ec4428215b4;Japanese;;sha256:4389ac9b549b5c6a97ae275d4f20fa0b69ac78637f942e3804a44a6baf1844e8;
41;2012-09-14;yes;https://bulbapedia.bulbagarden.net/wiki/Plasma_Storm_%28TCG%29;Snorlax;BW7;055;1st Edition;base;;Plasma Gale;Uncommon;5ban Graphics;non-holo;marketplace-claimed;1;;;;;;;;;;X;;;;;;https://www.cardmarket.com/en/Pokemon/Products/Singles/Plasma-Gale/Snorlax-BW7055;bw7-055-base-1e;legacy-set-reconciliation-v1;203;0;0;0;0;lossless-projected;complete;newly-sourced;EVENT:dd719b23580b25cb;Japanese;;sha256:75aabdcdb58ac5b9a5824f53e10a8f5371a7a5724b69ac344c11944853d2b3dd;
42;2012-09-14;yes;https://bulbapedia.bulbagarden.net/wiki/Plasma_Storm_%28TCG%29;Snorlax;BW7;055;Unlimited;base;;Plasma Gale;Uncommon;5ban Graphics;non-holo;marketplace-claimed;2;;;;;;;;;;X;X;;;;;https://www.cardmarket.com/en/Pokemon/Products/Singles/Plasma-Gale/Snorlax-BW7055;bw7-055-base-unl;legacy-set-reconciliation-v1;203;0;0;0;0;explicitly-split;needs-evidence;newly-sourced;EVENT:dd719b23580b25cb;Japanese;Korean;sha256:9947c9c111c6343433521f72df8ff00db57bf7ccfe188f32b684c9a3e392d36e;The scalar is not copied onto languages outside the source event scope.
43;2012-11-07;yes;;Snorlax;BCR;109;—;base;;Boundaries Crossed;Uncommon;Ken Sugimori;non-holo, reverse-holo;confirmed;6;X;X;X;X;X;X;;;;;;;;;;https://www.cardmarket.com/en/Pokemon/Products/Singles/Boundaries-Crossed/Snorlax-BCR109;bcr-109-base-none;legacy-set-reconciliation-v1;203;0;0;0;0;needs-evidence;needs-evidence;inherited-legacy-estimate-with-warning;;;English, French, German, Italian, Spanish, Portuguese;sha256:4e91fbc3a8940de16a2c51d139a954d987e7638c7a693abb41067806f4e832c9;Legacy scalar has no row-level source and is not a reviewed release event.
44;2013-02;yes;;Snorlax;BW-P;207;—;base;;BW Promos;Promo;5ban Graphics;reverse-holo;marketplace-claimed;1;;;;;;;;;;X;;;;;;https://www.cardmarket.com/en/Pokemon/Products/Singles/BW-Promos/Snorlax-BW-P207;bwp-207-base-none;legacy-set-reconciliation-v1;203;0;0;0;0;needs-evidence;needs-evidence;inherited-legacy-estimate-with-warning;;;Japanese;sha256:c8d950db3c56c82000b38d67109255f6eed4024f503b9715b145ab79f5cc2439;Legacy scalar has no row-level source and is not a reviewed release event.
45;2013-02-06;yes;;Snorlax;PLS;101;—;base;;Plasma Storm;Rare;5ban Graphics;non-holo, reverse-holo;confirmed;6;X;X;X;X;X;X;;;;;;;;;;https://www.cardmarket.com/en/Pokemon/Products/Singles/Plasma-Storm/Snorlax-PLS101;pls-101-base-none;legacy-set-reconciliation-v1;203;0;0;0;0;needs-evidence;needs-evidence;inherited-legacy-estimate-with-warning;;;English, French, German, Italian, Spanish, Portuguese;sha256:4894e925a102e79bfdc8799e7d32aee6db57795482d0f7bac493f9252cbccad0;Legacy scalar has no row-level source and is not a reviewed release event.
46;2013-11-08;yes;https://bulbapedia.bulbagarden.net/wiki/Kalos_Starter_Set_%28TCG%29;Snorlax;HXY;026;—;base;;XY Beginning Set;Fixed;Naoki Saito;;pending;2;;;;;;;;;;X;X;;;;;https://www.cardmarket.com/en/Pokemon/Products/Singles/XY-Beginning-Set/Snorlax;hxy-026-base-none;legacy-set-reconciliation-v1;203;0;0;0;0;explicitly-split;needs-evidence;newly-sourced;EVENT:46ea8761ec298926;Japanese;Korean;sha256:07457458e304f53053bf3f848a25917feb2d4feae5c23ad72204dc2328f71355;The scalar is not copied onto languages outside the source event scope.
47;2013-11-08;yes;;Snorlax;KSS;26;—;base;;XY Kalos Starter Set;Common;Naoki Saito;non-holo, reverse-holo;confirmed, marketplace-claimed;7;X;X;X;X;X;X;;;X;;;;;;;https://www.cardmarket.com/en/Pokemon/Products/Singles/XY-Kalos-Starter-Set/Snorlax-KSS26;kss-26-base-none;legacy-set-reconciliation-v1;203;0;0;0;0;needs-evidence;needs-evidence;inherited-legacy-estimate-with-warning;;;English, French, German, Italian, Spanish, Portuguese, Russian;sha256:f5d2338afd6f8c94e12ff3bdff0230099ce1fee16ef1c9a68454cd518400730b;Legacy scalar has no row-level source and is not a reviewed release event.
48;2014-03-15;yes;https://bulbapedia.bulbagarden.net/wiki/Flashfire_%28TCG%29;Snorlax;XY2;066;1st Edition;base;;Wild Blaze;Uncommon;Mitsuhiro Arita;non-holo;marketplace-claimed;1;;;;;;;;;;X;;;;;;https://www.cardmarket.com/en/Pokemon/Products/Singles/Wild-Blaze/Snorlax-XY2066;xy2-066-base-1e;legacy-set-reconciliation-v1;203;0;0;0;0;lossless-projected;complete;newly-sourced;EVENT:5ecbe28c2942a9cf;Japanese;;sha256:4eae5cc1b1d10f6ce516e0886955edad42781ad82ee9e777a3c5f40610691097;
49;2014-03-15;yes;https://bulbapedia.bulbagarden.net/wiki/Flashfire_%28TCG%29;Snorlax;XY2;066;Unlimited;base;;Wild Blaze;Uncommon;Mitsuhiro Arita;non-holo;marketplace-claimed;2;;;;;;;;;;X;X;;;;;https://www.cardmarket.com/en/Pokemon/Products/Singles/Wild-Blaze/Snorlax-XY2066;xy2-066-base-unl;legacy-set-reconciliation-v1;203;0;0;0;0;explicitly-split;needs-evidence;newly-sourced;EVENT:5ecbe28c2942a9cf;Japanese;Korean;sha256:df8b7e4bb91a16c428a991595f7619b988da9fe0d78cd26f5068c53aa71481e8;The scalar is not copied onto languages outside the source event scope.
50;2014-05-07;yes;;Snorlax;FLF;80;—;V1;;Flashfire;Rare;Mitsuhiro Arita;non-holo, reverse-holo;confirmed, marketplace-claimed;7;X;X;X;X;X;X;;;X;;;;;;;https://www.cardmarket.com/en/Pokemon/Products/Singles/Flashfire/Snorlax-V1-FLF80;flf-80-v1-none;legacy-set-reconciliation-v1;203;0;0;0;0;needs-evidence;needs-evidence;inherited-legacy-estimate-with-warning;;;English, French, German, Italian, Spanish, Portuguese, Russian;sha256:53cee986b198cf28d3026a4f590543cc92bf2be2ddc764dd550a0ded5c3d79a4;Legacy scalar has no row-level source and is not a reviewed release event.
51;2014-05-07;yes;;Snorlax;FLF;80;—;V2;;Flashfire;Promo;Mitsuhiro Arita;;pending;7;X;X;X;X;X;X;;;X;;;;;;;https://www.cardmarket.com/en/Pokemon/Products/Singles/Flashfire/Snorlax-V2-FLF1;flf-80-v2-none;legacy-set-reconciliation-v1;203;0;0;0;0;needs-evidence;needs-evidence;inherited-legacy-estimate-with-warning;;;English, French, German, Italian, Spanish, Portuguese, Russian;sha256:4333b13be3dc2c673834fee3c3ef0bc7173d781e462198e9b6f57e2d82abd020;Legacy scalar has no row-level source and is not a reviewed release event.
52;2015-07;yes;;Snorlax;XY-P;149;—;V1;;XY Promos;Promo;;reverse-holo;marketplace-claimed;2;;;;;;;;;;X;X;;;;;https://www.cardmarket.com/en/Pokemon/Products/Singles/XY-Promos/Snorlax-V1-XY-P149;xyp-149-v1-none;legacy-set-reconciliation-v1;203;0;0;0;0;needs-evidence;needs-evidence;inherited-legacy-estimate-with-warning;;;Japanese, Korean;sha256:8680c7f5120d8cbe3afc0a916a11a6ea65e5e85411ae2a0582b5f198c80d80b7;Legacy scalar has no row-level source and is not a reviewed release event.
53;2015-11-04;yes;;Snorlax;BKT;118;—;base;;BREAKthrough;Uncommon;Kouki Saitou;non-holo, reverse-holo;confirmed, marketplace-claimed;7;X;X;X;X;X;X;;;X;;;;;;;https://www.cardmarket.com/en/Pokemon/Products/Singles/BREAKthrough/Snorlax-BKT118;bkt-118-base-none;legacy-set-reconciliation-v1;203;0;0;0;0;needs-evidence;needs-evidence;inherited-legacy-estimate-with-warning;;;English, French, German, Italian, Spanish, Portuguese, Russian;sha256:069da292a3d1036e9186241d13b8e0c4c5a552ac7b80f96b9e8b08ccaca73419;Legacy scalar has no row-level source and is not a reviewed release event.
54;2016-02-22;yes;;Snorlax;GEN;58;—;base;;Generations;Rare;Mitsuhiro Arita;non-holo, reverse-holo;confirmed, marketplace-claimed;6;X;X;X;X;X;X;;;;;;;;;;https://www.cardmarket.com/en/Pokemon/Products/Singles/Generations/Snorlax-GEN58;gen-58-base-none;legacy-set-reconciliation-v1;203;0;0;0;0;needs-evidence;needs-evidence;inherited-legacy-estimate-with-warning;;;English, French, German, Italian, Spanish, Portuguese;sha256:b6e93b74e54c2f354c0db9b2af24e15e71dfdb259af5af472417edf2e3752418;Legacy scalar has no row-level source and is not a reviewed release event.
55;2016-02-27;yes;https://bulbapedia.bulbagarden.net/wiki/Generations_%28TCG%29;Snorlax;20th;047;Unlimited;base;;BREAK Starter Pack;Fixed;Mitsuhiro Arita;reverse-holo;marketplace-claimed;2;;;;;;;;;;X;X;;;;;https://www.cardmarket.com/en/Pokemon/Products/Singles/BREAK-Starter-Pack/Snorlax-20th047;20th-047-base-unl;legacy-set-reconciliation-v1;203;0;0;0;0;explicitly-split;needs-evidence;newly-sourced;EVENT:b8e0866ffcc94eab;Japanese;Korean;sha256:ffab817cc71df7e1a4b2a46410a953a51ed403c02cd4546ee3d0023c2c13ba12;The scalar is not copied onto languages outside the source event scope.
56;2016-03-18;yes;https://bulbapedia.bulbagarden.net/wiki/Fates_Collide_%28TCG%29;Snorlax;XY10;057;1st Edition;base;;Awakening Psychic King;Common;Tomokazu Komiya;non-holo;marketplace-claimed;1;;;;;;;;;;X;;;;;;https://www.cardmarket.com/en/Pokemon/Products/Singles/Awakening-Psychic-King/Snorlax;xy10-057-base-1e;legacy-set-reconciliation-v1;203;0;0;0;0;lossless-projected;complete;newly-sourced;EVENT:27a8d77268bda0e6;Japanese;;sha256:6c23100ed0dba073423ea90affdfec5f1f81c58f2dfd594d0dd4d19a51e5daa3;
57;2016-03-18;yes;https://bulbapedia.bulbagarden.net/wiki/Fates_Collide_%28TCG%29;Snorlax;XY10;057;Unlimited;base;;Awakening Psychic King;Common;Tomokazu Komiya;non-holo;marketplace-claimed;2;;;;;;;;;;X;X;;;;;https://www.cardmarket.com/en/Pokemon/Products/Singles/Awakening-Psychic-King/Snorlax;xy10-057-base-unl;legacy-set-reconciliation-v1;203;0;0;0;0;explicitly-split;needs-evidence;newly-sourced;EVENT:27a8d77268bda0e6;Japanese;Korean;sha256:a783b9b32e114251df003d465a3baf8a13f5b63cb45fca7e20a4fcc32e5168e0;The scalar is not copied onto languages outside the source event scope.
58;2016-05-02;yes;;Snorlax;FCO;77;—;base;;Fates Collide;Rare;Tomokazu Komiya;non-holo, reverse-holo;confirmed;6;X;X;X;X;X;X;;;;;;;;;;https://www.cardmarket.com/en/Pokemon/Products/Singles/Fates-Collide/Snorlax-FCO77;fco-77-base-none;legacy-set-reconciliation-v1;203;0;0;0;0;needs-evidence;needs-evidence;inherited-legacy-estimate-with-warning;;;English, French, German, Italian, Spanish, Portuguese;sha256:027d3536613bd17966373360b3cd2caae176c646f3a4db7779e66effa5ea4867;Legacy scalar has no row-level source and is not a reviewed release event.
59;2016-09-01;yes;;Snorlax;XY-P;261;—;V2;;XY Promos;Promo;;reverse-holo;marketplace-claimed;1;;;;;;;;;;X;;;;;;https://www.cardmarket.com/en/Pokemon/Products/Singles/XY-Promos/Snorlax-V2-XY-P261;xyp-261-v2-none;legacy-set-reconciliation-v1;203;0;0;0;0;needs-evidence;needs-evidence;inherited-legacy-estimate-with-warning;;;Japanese;sha256:796a56c1f5ecdcfdc9eb8bb40e7064864828912b34c8cdab7e5be78b082806e7;Legacy scalar has no row-level source and is not a reviewed release event.
60;~2016;approx;;Snorlax GX;SM-P;1;—;base;;Sun & Moon Promos;Promo;5ban Graphics;;pending;2;;;;;;;;;;X;X;;;;;https://www.cardmarket.com/en/Pokemon/Products/Singles/Sun-Moon-Promos/Snorlax-GX-SM-P1;smp-1-base-none;legacy-set-reconciliation-v1;203;0;0;0;0;needs-evidence;needs-evidence;inherited-legacy-estimate-with-warning;;;Japanese, Korean;sha256:73ed15f74bc013d0c2c18ac84ce0333d8335d9c18360fd05da67cd223356b01e;Legacy scalar has no row-level source and is not a reviewed release event.
61;2016-12-14;yes;;Snorlax GX;SM;05;—;V2;;SM Black Star Promos;Oversized;5ban Graphics;holo;confirmed, pending;6;X;X;X;X;X;X;;;;;;;;;;https://www.cardmarket.com/en/Pokemon/Products/Singles/SM-Black-Star-Promos/Snorlax-GX-V2-SM05;sm-05-v2-none;legacy-set-reconciliation-v1;203;0;0;0;0;needs-evidence;needs-evidence;inherited-legacy-estimate-with-warning;;;English, French, German, Italian, Spanish, Portuguese;sha256:cbca0f63a0528b374cfecd515b9f6760056da38f2aedd4c778ad9de97df93060;Legacy scalar has no row-level source and is not a reviewed release event.
62;2016-12-14;yes;;Snorlax GX;SM;05;—;base;;SM Black Star Promos;Promo;5ban Graphics;holo;confirmed, pending;6;X;X;X;X;X;X;;;;;;;;;;https://www.cardmarket.com/en/Pokemon/Products/Singles/SM-Black-Star-Promos/Snorlax-GX-SM05;sm-05-base-none;legacy-set-reconciliation-v1;203;0;0;0;0;needs-evidence;needs-evidence;inherited-legacy-estimate-with-warning;;;English, French, German, Italian, Spanish, Portuguese;sha256:0111e1fae693f25d59498e5c7ac4c27f32ed5eabd21a2120642aa114b9952990;Legacy scalar has no row-level source and is not a reviewed release event.
63;2016-12-14;yes;;Snorlax;XYPR;179;—;base;;XY Black Star Promos;Promo;Ken Sugimori;non-holo;confirmed, pending;6;X;X;X;X;X;X;;;;;;;;;;https://www.cardmarket.com/en/Pokemon/Products/Singles/XY-Black-Star-Promos/Snorlax-XYPR179;xypr-179-base-none;legacy-set-reconciliation-v1;203;0;0;0;0;needs-evidence;needs-evidence;inherited-legacy-estimate-with-warning;;;English, French, German, Italian, Spanish, Portuguese;sha256:b4d78119e01f2e038ad866ae751763df6addc99c4b1a1a8c24033c7d836a0ebe;Legacy scalar has no row-level source and is not a reviewed release event.
64;2018-12;yes;;Eevee & Snorlax GX;SM-P;297;—;base;;Sun & Moon Promos;Promo;Tomokazu Komiya;;pending;2;;;;;;;;;;X;X;;;;;https://www.cardmarket.com/en/Pokemon/Products/Singles/Sun-Moon-Promos/Eevee-Snorlax-GX-SM-P297;smp-297-base-none;legacy-set-reconciliation-v1;203;0;0;0;0;needs-evidence;needs-evidence;inherited-legacy-estimate-with-warning;;;Japanese, Korean;sha256:7271f4b324d4355e578ec7b4d6046ff7c865594d44bdc132ef52c141b1d0b023;Legacy scalar has no row-level source and is not a reviewed release event.
65;2018-12-07;yes;;Eevee & Snorlax GX;sm9;066;—;V1;;Tag Bolt;Double Rare;Mitsuhiro Arita;;pending;2;;;;;;;;;;X;X;;;;;https://www.cardmarket.com/en/Pokemon/Products/Singles/Tag-Bolt/Eevee-Snorlax-GX-V1-sm9066;sm9-066-v1-none;legacy-set-reconciliation-v1;203;0;0;0;0;needs-evidence;needs-evidence;inherited-legacy-estimate-with-warning;;;Japanese, Korean;sha256:40cc3c742317ef19cc891373f7dc2e845b69043d92aaa427d0fa8a108600a840;Legacy scalar has no row-level source and is not a reviewed release event.
66;2018-12-07;yes;;Eevee & Snorlax GX;sm9;106;—;V2;;Tag Bolt;Ultra Rare;5ban Graphics;;pending;2;;;;;;;;;;X;X;;;;;https://www.cardmarket.com/en/Pokemon/Products/Singles/Tag-Bolt/Eevee-Snorlax-GX-V2-sm9106;sm9-106-v2-none;legacy-set-reconciliation-v1;203;0;0;0;0;needs-evidence;needs-evidence;inherited-legacy-estimate-with-warning;;;Japanese, Korean;sha256:addf79a5d9950ff136569f8e6ae474cae9b9bf8f618412a86102c956b5395e36;Legacy scalar has no row-level source and is not a reviewed release event.
67;2018-12-07;yes;;Eevee & Snorlax GX;sm9;115;—;V3;;Tag Bolt;Rainbow Rare;;;pending;2;;;;;;;;;;X;X;;;;;https://www.cardmarket.com/en/Pokemon/Products/Singles/Tag-Bolt/Eevee-Snorlax-GX-V3-sm9115;sm9-115-v3-none;legacy-set-reconciliation-v1;203;0;0;0;0;needs-evidence;needs-evidence;inherited-legacy-estimate-with-warning;;;Japanese, Korean;sha256:03a78061328fc168d95bfbdac2704fd1264565103362c91f30b464fc523ea3b8;Legacy scalar has no row-level source and is not a reviewed release event.
68;~2019;approx;;Eevee & Snorlax GX;SM;169;—;base;;SM Black Star Promos;Promo;Tomokazu Komiya;non-holo;confirmed;6;X;X;X;X;X;X;;;;;;;;;;https://www.cardmarket.com/en/Pokemon/Products/Singles/SM-Black-Star-Promos/Eevee-Snorlax-GX-SM169;sm-169-base-none;legacy-set-reconciliation-v1;203;0;0;0;0;needs-evidence;needs-evidence;inherited-legacy-estimate-with-warning;;;English, French, German, Italian, Spanish, Portuguese;sha256:ac4b2485f1e6c3b85f8768f22f0cebbbd8ad782027fa3c72049f3e2fa797b671;Legacy scalar has no row-level source and is not a reviewed release event.
69;2019-02-01;yes;;Eevee & Snorlax GX;TEU;120;—;V1;;Team Up;Ultra Rare;Mitsuhiro Arita;non-holo;confirmed;6;X;X;X;X;X;X;;;;;;;;;;https://www.cardmarket.com/en/Pokemon/Products/Singles/Team-Up/Eevee-Snorlax-GX-V1-TEU120;teu-120-v1-none;legacy-set-reconciliation-v1;203;0;0;0;0;needs-evidence;needs-evidence;inherited-legacy-estimate-with-warning;;;English, French, German, Italian, Spanish, Portuguese;sha256:6df649db5f83cc2f59c5d4ed1234bf58f1a8e13a2a53b894c9fd5b7b6d0b7576;Legacy scalar has no row-level source and is not a reviewed release event.
70;2019-02-01;yes;;Eevee & Snorlax GX;TEU;171;—;V2;;Team Up;Ultra Rare;5ban Graphics;non-holo;confirmed;6;X;X;X;X;X;X;;;;;;;;;;https://www.cardmarket.com/en/Pokemon/Products/Singles/Team-Up/Eevee-Snorlax-GX-V2-TEU171;teu-171-v2-none;legacy-set-reconciliation-v1;203;0;0;0;0;needs-evidence;needs-evidence;inherited-legacy-estimate-with-warning;;;English, French, German, Italian, Spanish, Portuguese;sha256:a3a72326adfcb61d5636b559650dadd73c91fd10f30ec79a5e9b049a1701af74;Legacy scalar has no row-level source and is not a reviewed release event.
71;2019-02-01;yes;;Eevee & Snorlax GX;TEU;191;—;V3;;Team Up;Rainbow Rare;5ban Graphics;non-holo;confirmed;6;X;X;X;X;X;X;;;;;;;;;;https://www.cardmarket.com/en/Pokemon/Products/Singles/Team-Up/Eevee-Snorlax-GX-V3-TEU191;teu-191-v3-none;legacy-set-reconciliation-v1;203;0;0;0;0;needs-evidence;needs-evidence;inherited-legacy-estimate-with-warning;;;English, French, German, Italian, Spanish, Portuguese;sha256:01dc60425046204ae1810d2c9a942346954d53c05d06e52ead8e3de5a318fb03;Legacy scalar has no row-level source and is not a reviewed release event.
72;2019-03-01;yes;;Snorlax;sm10;076;—;base;;Double Blaze;Rare;;non-holo, holo, reverse-holo;confirmed, marketplace-claimed;2;;;;;;;;;;X;X;;;;;https://www.cardmarket.com/en/Pokemon/Products/Singles/Double-Blaze/Snorlax-sm10076;sm10-076-base-none;legacy-set-reconciliation-v1;203;0;0;0;0;needs-evidence;needs-evidence;inherited-legacy-estimate-with-warning;;;Japanese, Korean;sha256:7d7f9a7226d999ce069745bf33a8e12618ee2e4c46e8cc2d197c17d0cb60c96c;Legacy scalar has no row-level source and is not a reviewed release event.
73;2019-03-15;yes;https://bulbapedia.bulbagarden.net/wiki/Sun_%26_Moon_Family_Pok%C3%A9mon_Card_Game_%28TCG%29;Snorlax;smL;038;—;base;;Sun & Moon Family Pokémon Card Game;Fixed;Akira Komayama;;pending;2;;;;;;;;;;X;X;;;;;https://www.cardmarket.com/en/Pokemon/Products/Singles/Sun-Moon-Family-Pokemon-Card-Game/Snorlax;sml-038-base-none;legacy-set-reconciliation-v1;203;0;0;0;0;explicitly-split;needs-evidence;newly-sourced;EVENT:d6e3dc98b62bbfd6;Japanese;Korean;sha256:ab7dffe2c669024832c06ed5798bca79e0308dbfc3cf576b89699717affdeac1;The scalar is not copied onto languages outside the source event scope.
74;2019-05-03;yes;;Snorlax;UNB;158;—;base;;Unbroken Bonds;Holo Rare;kanahei;non-holo, holo, reverse-holo;confirmed;6;X;X;X;X;X;X;;;;;;;;;;https://www.cardmarket.com/en/Pokemon/Products/Singles/Unbroken-Bonds/Snorlax-UNB158;unb-158-base-none;legacy-set-reconciliation-v1;203;0;0;0;0;needs-evidence;needs-evidence;inherited-legacy-estimate-with-warning;;;English, French, German, Italian, Spanish, Portuguese;sha256:715307a0a7352eb6be5cbffdddfa6b31fd704ed016a934d0e7fa45169ad8215d;Legacy scalar has no row-level source and is not a reviewed release event.
75;2019-08-23;yes;;Snorlax;HIF;50;—;V1;;Hidden Fates;Rare;Akira Komayama;non-holo, reverse-holo;confirmed, marketplace-claimed;6;X;X;X;X;X;X;;;;;;;;;;https://www.cardmarket.com/en/Pokemon/Products/Singles/Hidden-Fates/Snorlax-V1-HIF50;hif-50-v1-none;legacy-set-reconciliation-v1;203;0;0;0;0;needs-evidence;needs-evidence;inherited-legacy-estimate-with-warning;;;English, French, German, Italian, Spanish, Portuguese;sha256:d4a8dee0347053fe047fcbae8942e626f1e7a1c926b974aaab7ca73a5c9657cf;Legacy scalar has no row-level source and is not a reviewed release event.
76;2019-11-29;yes;;Snorlax;sA;10;—;base;;Sword & Shield Starter Decks;Fixed;chibi;;pending;2;;;;;;;;;;X;X;;;;;https://www.cardmarket.com/en/Pokemon/Products/Singles/Sword-Shield-Starter-Decks/Snorlax-sA10;sa-10-base-none;legacy-set-reconciliation-v1;203;0;0;0;0;needs-evidence;needs-evidence;inherited-legacy-estimate-with-warning;;;Japanese, Korean;sha256:e5580a511ee474ebdd5898b7b3e44055d19bd2621145e72f8a00ba7649e2c82a;Legacy scalar has no row-level source and is not a reviewed release event.
77;2019-12-06;yes;;Snorlax V;s1H;45;—;V1;;Shield;Double Rare;Masakazu Fukuda;;pending;2;;;;;;;;;;X;X;;;;;https://www.cardmarket.com/en/Pokemon/Products/Singles/Shield/Snorlax-V-V1-s1H45;s1h-45-v1-none;legacy-set-reconciliation-v1;203;0;0;0;0;needs-evidence;needs-evidence;inherited-legacy-estimate-with-warning;;;Japanese, Korean;sha256:7df7bc959048be4cd23c067ff1dc4ef1682995246817ec1fd9641cdd5580bd93;Legacy scalar has no row-level source and is not a reviewed release event.
78;2019-12-06;yes;;Snorlax VMAX;s1H;46;—;V1;;Shield;Triple Rare;aky CG Works;;pending;2;;;;;;;;;;X;X;;;;;https://www.cardmarket.com/en/Pokemon/Products/Singles/Shield/Snorlax-VMAX-V1-s1H46;s1h-46-v1-none;legacy-set-reconciliation-v1;203;0;0;0;0;needs-evidence;needs-evidence;inherited-legacy-estimate-with-warning;;;Japanese, Korean;sha256:5bd21eb3f639bdd2bf73ae0cf84f2fa08444f8b1959d2a54f87d3f0d0b459cbb;Legacy scalar has no row-level source and is not a reviewed release event.
79;2019-12-06;yes;;Snorlax V;s1H;66;—;V2;;Shield;Ultra Rare;aky CG Works;;pending;2;;;;;;;;;;X;X;;;;;https://www.cardmarket.com/en/Pokemon/Products/Singles/Shield/Snorlax-V-V2-s1H66;s1h-66-v2-none;legacy-set-reconciliation-v1;203;0;0;0;0;needs-evidence;needs-evidence;inherited-legacy-estimate-with-warning;;;Japanese, Korean;sha256:e58bc6386e4b1eb387cf92e980c3c499b15299da5c45a0e02209978280d41904;Legacy scalar has no row-level source and is not a reviewed release event.
80;2019-12-06;yes;;Snorlax VMAX;s1H;70;—;V2;;Shield;Rainbow Rare;;;pending;2;;;;;;;;;;X;X;;;;;https://www.cardmarket.com/en/Pokemon/Products/Singles/Shield/Snorlax-VMAX-V2-s1H70;s1h-70-v2-none;legacy-set-reconciliation-v1;203;0;0;0;0;needs-evidence;needs-evidence;inherited-legacy-estimate-with-warning;;;Japanese, Korean;sha256:b2ce729fb06c474ceea62ae69aaca2a889ec71965f1767a25b658da1d19bdb79;Legacy scalar has no row-level source and is not a reviewed release event.
81;2020-02-07;yes;;Snorlax;SSH;140;—;base;;Sword & Shield;Rare;chibi;non-holo, reverse-holo;confirmed;6;X;X;X;X;X;X;;;;;;;;;;https://www.cardmarket.com/en/Pokemon/Products/Singles/Sword-Shield/Snorlax-SSH140;ssh-140-base-none;legacy-set-reconciliation-v1;203;0;0;0;0;needs-evidence;needs-evidence;inherited-legacy-estimate-with-warning;;;English, French, German, Italian, Spanish, Portuguese;sha256:a9c0976e26516bc3edea1a8ac344269e42c2869898d565f5cd26de79ac845f47;Legacy scalar has no row-level source and is not a reviewed release event.
82;2020-02-07;yes;;Snorlax V;SSH;141;—;V1;;Sword & Shield;Ultra Rare;Masakazu Fukuda;holo;confirmed;6;X;X;X;X;X;X;;;;;;;;;;https://www.cardmarket.com/en/Pokemon/Products/Singles/Sword-Shield/Snorlax-V-V1-SSH141;ssh-141-v1-none;legacy-set-reconciliation-v1;203;0;0;0;0;needs-evidence;needs-evidence;inherited-legacy-estimate-with-warning;;;English, French, German, Italian, Spanish, Portuguese;sha256:3d467698b7ef44da975ab7ee6a7c3787f3966e2cdb70ff97e95acd9701011b2c;Legacy scalar has no row-level source and is not a reviewed release event.
83;2020-02-07;yes;;Snorlax VMAX;SSH;142;—;V1;;Sword & Shield;Ultra Rare;aky CG Works;holo;confirmed, pending;6;X;X;X;X;X;X;;;;;;;;;;https://www.cardmarket.com/en/Pokemon/Products/Singles/Sword-Shield/Snorlax-VMAX-V1-SSH142;ssh-142-v1-none;legacy-set-reconciliation-v1;203;0;0;0;0;needs-evidence;needs-evidence;inherited-legacy-estimate-with-warning;;;English, French, German, Italian, Spanish, Portuguese;sha256:8c966bfe541202f12c660a913dde2272fe574310362c8e928e0ee9c97f56af60;Legacy scalar has no row-level source and is not a reviewed release event.
84;2020-02-07;yes;;Snorlax VMAX;SSH;142;—;V3;;Sword & Shield;Oversized;aky CG Works;holo;confirmed, pending;6;X;X;X;X;X;X;;;;;;;;;;https://www.cardmarket.com/en/Pokemon/Products/Singles/Sword-Shield/Snorlax-VMAX-V3-SSH142;ssh-142-v3-none;legacy-set-reconciliation-v1;203;0;0;0;0;needs-evidence;needs-evidence;inherited-legacy-estimate-with-warning;;;English, French, German, Italian, Spanish, Portuguese;sha256:b7418ed5991d5fc5e5d94abfb04f15b9b810e7b7a8166ac315a80e74c979d4b3;Legacy scalar has no row-level source and is not a reviewed release event.
85;2020-02-07;yes;;Snorlax V;SSH;197;—;V2;;Sword & Shield;Ultra Rare;aky CG Works;holo;confirmed;6;X;X;X;X;X;X;;;;;;;;;;https://www.cardmarket.com/en/Pokemon/Products/Singles/Sword-Shield/Snorlax-V-V2-SSH197;ssh-197-v2-none;legacy-set-reconciliation-v1;203;0;0;0;0;needs-evidence;needs-evidence;inherited-legacy-estimate-with-warning;;;English, French, German, Italian, Spanish, Portuguese;sha256:825a98c349b4441b7c2f9a674627882c8cf90e56d59b5afc7a0550540d443ac6;Legacy scalar has no row-level source and is not a reviewed release event.
86;2020-02-07;yes;;Snorlax VMAX;SSH;206;—;V2;;Sword & Shield;Rainbow Rare;aky CG Works;holo;confirmed;6;X;X;X;X;X;X;;;;;;;;;;https://www.cardmarket.com/en/Pokemon/Products/Singles/Sword-Shield/Snorlax-VMAX-V2-SSH206;ssh-206-v2-none;legacy-set-reconciliation-v1;203;0;0;0;0;needs-evidence;needs-evidence;inherited-legacy-estimate-with-warning;;;English, French, German, Italian, Spanish, Portuguese;sha256:fbc5ef4a8e48aba23c7de99fbae5ace4aeb7e4d64dcab6ac0f5356ee0e06c24a;Legacy scalar has no row-level source and is not a reviewed release event.
87;2020-03-06;yes;;Snorlax;s2;77;—;base;;Rebellion Crash;Uncommon;Eri Yamaki;non-holo, reverse-holo;marketplace-claimed;2;;;;;;;;;;X;X;;;;;https://www.cardmarket.com/en/Pokemon/Products/Singles/Rebellion-Crash/Snorlax-s277;s2-77-base-none;legacy-set-reconciliation-v1;203;0;0;0;0;needs-evidence;needs-evidence;inherited-legacy-estimate-with-warning;;;Japanese, Korean;sha256:1e76ed781ed8e706acd9a34720b3a6ac2c89078d162642b44e58bb6d17970f7a;Legacy scalar has no row-level source and is not a reviewed release event.
88;2020-05-01;yes;;Snorlax;RCL;141;—;base;;Rebel Clash;Rare;Eri Yamaki;non-holo, reverse-holo;confirmed;6;X;X;X;X;X;X;;;;;;;;;;https://www.cardmarket.com/en/Pokemon/Products/Singles/Rebel-Clash/Snorlax-RCL141;rcl-141-base-none;legacy-set-reconciliation-v1;203;0;0;0;0;needs-evidence;needs-evidence;inherited-legacy-estimate-with-warning;;;English, French, German, Italian, Spanish, Portuguese;sha256:69567cb4fa792a0ec7ac8b9d7f56ac64a0baa4041ecc6e9e6130f9494c13c4d5;Legacy scalar has no row-level source and is not a reviewed release event.
89;~2020;approx;;Snorlax;SWSH;032;—;base;;SWSH Black Star Promos;Promo;Tika Matsuno;holo;confirmed, pending;6;X;X;X;X;X;X;;;;;;;;;;https://www.cardmarket.com/en/Pokemon/Products/Singles/SWSH-Black-Star-Promos/Snorlax-SWSH32;swsh-032-base-none;legacy-set-reconciliation-v1;203;0;0;0;0;needs-evidence;needs-evidence;inherited-legacy-estimate-with-warning;;;English, French, German, Italian, Spanish, Portuguese;sha256:713da8dfeb16f4fa94c6513cf8981bfa068be2373bf681f65e525c1977bde91e;Legacy scalar has no row-level source and is not a reviewed release event.
90;2020-06-21;yes;https://bulbapedia.bulbagarden.net/wiki/Battle_Academy_2020_%28TCG%29;Snorlax;BA20;MWT;—;base;;Battle Academy 2020;Fixed;Akira Komayama;non-holo;confirmed, pending;4;X;X;X;X;;;;;;;;;;;;https://www.cardmarket.com/en/Pokemon/Products/Singles/Battle-Academy-2020/Snorlax-HIF50;ba20-mwt-base-none;legacy-set-reconciliation-v1;203;0;0;0;0;explicitly-split;needs-evidence;newly-sourced;EVENT:21f014a28eb28648;English;French, German, Italian;sha256:7cd7dc85622cb2ae5457aa0c6f63c6e4843abf56cb37e195d77a512c5ad19af2;The scalar is not copied onto languages outside the source event scope.
91;2020-09-18;yes;;Snorlax;s4;84;—;base;;Shocking Volt Tackle;Rare;Atsuko Nishida;non-holo, reverse-holo;confirmed, marketplace-claimed;4;;;;;;;;;;X;X;X;X;;;https://www.cardmarket.com/en/Pokemon/Products/Singles/Shocking-Volt-Tackle/Snorlax-s484;s4-84-base-none;legacy-set-reconciliation-v1;203;0;0;0;0;needs-evidence;needs-evidence;inherited-legacy-estimate-with-warning;;;Japanese, Korean, T-Chinese, S-Chinese;sha256:6bcd8680583a0820e27984b55d89a9ea9a9c46687580b7c26ac2fc7186fc8c91;Legacy scalar has no row-level source and is not a reviewed release event.
92;~2020;approx;;Snorlax;SWSH;068;—;base;;SWSH Black Star Promos;Promo;Narumi Sato;holo;confirmed;6;X;X;X;X;X;X;;;;;;;;;;https://www.cardmarket.com/en/Pokemon/Products/Singles/SWSH-Black-Star-Promos/Snorlax-SWSH068;swsh-068-base-none;legacy-set-reconciliation-v1;203;0;0;0;0;needs-evidence;needs-evidence;inherited-legacy-estimate-with-warning;;;English, French, German, Italian, Spanish, Portuguese;sha256:52de6a1479825707059396841f4863648468dec47682e115d1ff5c4257fc87ff;Legacy scalar has no row-level source and is not a reviewed release event.
93;2020-11-13;yes;;Snorlax;VIV;131;—;V1;;Vivid Voltage;Holo Rare;Atsuko Nishida;holo, reverse-holo;confirmed;6;X;X;X;X;X;X;;;;;;;;;;https://www.cardmarket.com/en/Pokemon/Products/Singles/Vivid-Voltage/Snorlax-V1-VIV131;viv-131-v1-none;legacy-set-reconciliation-v1;203;0;0;0;0;needs-evidence;needs-evidence;inherited-legacy-estimate-with-warning;;;English, French, German, Italian, Spanish, Portuguese;sha256:d2482227f0ded8fa6bc9dcf04fb2494d6ddef72e587ec1b5f8346e162f6991d9;Legacy scalar has no row-level source and is not a reviewed release event.
94;2020-11-13;yes;;Snorlax;VIV;131;—;V2;;Vivid Voltage;Promo;Atsuko Nishida;holo;confirmed, pending;6;X;X;X;X;X;X;;;;;;;;;;https://www.cardmarket.com/en/Pokemon/Products/Singles/Vivid-Voltage/Snorlax-V2-VIV131;viv-131-v2-none;legacy-set-reconciliation-v1;203;0;0;0;0;needs-evidence;needs-evidence;inherited-legacy-estimate-with-warning;;;English, French, German, Italian, Spanish, Portuguese;sha256:590d7fbc37232150718fc6c8bfc48d9ad75824c1b8761b66256e7434c2d626e4;Legacy scalar has no row-level source and is not a reviewed release event.
95;2021-01-21;yes;;Snorlax;S-P;156;—;base;;Sword & Shield Promos;Promo;Yuya Oka;;pending;1;;;;;;;;;;X;;;;;;https://www.cardmarket.com/en/Pokemon/Products/Singles/Sword-Shield-Promos/Snorlax-S-P156;sp-156-base-none;legacy-set-reconciliation-v1;203;0;0;0;0;needs-evidence;needs-evidence;inherited-legacy-estimate-with-warning;;;Japanese;sha256:0aaa278856e23abeae28b2f5843449e67aa2778829aa7d6e8b0a848815e725a1;Legacy scalar has no row-level source and is not a reviewed release event.
96;2021-03-19;yes;;Snorlax;s5a;93;—;base;;Matchless Fighters;Secret Rare;;reverse-holo;marketplace-claimed;5;;;;;;;;;;X;X;X;;X;X;https://www.cardmarket.com/en/Pokemon/Products/Singles/Matchless-Fighter/Snorlax-s5a93;s5a-93-base-none;legacy-set-reconciliation-v1;203;0;0;0;0;needs-evidence;needs-evidence;inherited-legacy-estimate-with-warning;;;Japanese, Korean, T-Chinese, Indonesian, Thai;sha256:9c386b5203f687111a06f780bcb7216a541ecd79afd38041de14950e8b6c634c;Legacy scalar has no row-level source and is not a reviewed release event.
97;2021-06-18;yes;;Snorlax;CRE;224;—;base;;Chilling Reign;Secret Rare;Saki Hayashiro;holo;confirmed;6;X;X;X;X;X;X;;;;;;;;;;https://www.cardmarket.com/en/Pokemon/Products/Singles/Chilling-Reign/Snorlax;cre-224-base-none;legacy-set-reconciliation-v1;203;0;0;0;0;needs-evidence;needs-evidence;inherited-legacy-estimate-with-warning;;;English, French, German, Italian, Spanish, Portuguese;sha256:4941388906ebdaba1f3916a8ec99fd94e6a8fd5e0d87518b24098ac623a60171;Legacy scalar has no row-level source and is not a reviewed release event.
98;~2021;approx;;Snorlax;SWSH;119;—;base;;SWSH Black Star Promos;Promo;Yuya Oka;holo;confirmed;6;X;X;X;X;X;X;;;;;;;;;;https://www.cardmarket.com/en/Pokemon/Products/Singles/SWSH-Black-Star-Promos/Snorlax-V3;swsh-119-base-none;legacy-set-reconciliation-v1;203;0;0;0;0;needs-evidence;needs-evidence;inherited-legacy-estimate-with-warning;;;English, French, German, Italian, Spanish, Portuguese;sha256:93f1e7ba67b445e7eb96ae357416b297293fa8b44b919b73784a83b4dd971776;Legacy scalar has no row-level source and is not a reviewed release event.
99;2021-07-09;yes;;Snorlax;sH;038;—;base;;Sword & Shield Family Pokémon Card Game;Fixed;Oswaldo KATO;non-holo;confirmed, pending;4;;;;;;;;;;X;X;X;X;;;https://www.cardmarket.com/en/Pokemon/Products/Singles/Sword-Shield-Family-Pokemon-Card-Game/Snorlax;sh-038-base-none;legacy-set-reconciliation-v1;203;0;0;0;0;needs-evidence;needs-evidence;inherited-legacy-estimate-with-warning;;;Japanese, Korean, T-Chinese, S-Chinese;sha256:d9401129a26d38cebfff0574d060cda6d7dca120961e1dd0949a87d8751d720a;Legacy scalar has no row-level source and is not a reviewed release event.
100;~2021;approx;;Snorlax;PKMTCH S-P;S-P 145;—;base;;Traditional Chinese Products;Promo;;;pending;1;;;;;;;;;;;;X;;;;https://www.cardmarket.com/en/Pokemon/Products/Singles/Traditional-Chinese-Products/Snorlax-PKMTCHS-P-145;pkmtchsp-sp145-base-none;legacy-set-reconciliation-v1;203;0;0;0;0;needs-evidence;needs-evidence;inherited-legacy-estimate-with-warning;;;T-Chinese;sha256:8a3c16d6614d98a7d67e684731d2331c97af152985444eb02024e966236e1375;Legacy scalar has no row-level source and is not a reviewed release event.
101;2021-11-12;yes;;Snorlax;FST;206;—;base;;Fusion Strike;Common;Oswaldo KATO;non-holo, reverse-holo;confirmed;6;X;X;X;X;X;X;;;;;;;;;;https://www.cardmarket.com/en/Pokemon/Products/Singles/Fusion-Strike/Snorlax;fst-206-base-none;legacy-set-reconciliation-v1;203;0;0;0;0;needs-evidence;needs-evidence;inherited-legacy-estimate-with-warning;;;English, French, German, Italian, Spanish, Portuguese;sha256:cab77f1518e25b8b9209569fecc39ab5f1d4a6c9db83cd3aa531edaa29afab80;Legacy scalar has no row-level source and is not a reviewed release event.
102;2021-12-03;yes;;Snorlax;s8b;126;—;base;;VMAX Climax;Fixed;Narumi Sato;non-holo, reverse-holo;confirmed, marketplace-claimed;5;;;;;;;;;;X;X;X;;X;X;https://www.cardmarket.com/en/Pokemon/Products/Singles/VMAX-Climax/Snorlax;s8b-126-base-none;legacy-set-reconciliation-v1;203;0;0;0;0;needs-evidence;needs-evidence;inherited-legacy-estimate-with-warning;;;Japanese, Korean, T-Chinese, Indonesian, Thai;sha256:3582a46ccd7e30bb31efcfda70b4bc4a3528de19fa86bb0990b927fedd683d6e;Legacy scalar has no row-level source and is not a reviewed release event.
103;2021-12-17;yes;;Snorlax;sI100;341;—;V1;;Start Deck 100;Fixed;Oswaldo KATO;reverse-holo;marketplace-claimed;4;;;;;;;;;;X;X;X;X;;;https://www.cardmarket.com/en/Pokemon/Products/Singles/Start-Deck-100/Snorlax-V1-sI100341;si100-341-v1-none;legacy-set-reconciliation-v1;203;0;0;0;0;needs-evidence;needs-evidence;inherited-legacy-estimate-with-warning;;;Japanese, Korean, T-Chinese, S-Chinese;sha256:c708efd3ed4f9dd94dad20f942e14cdfc338835d077b9e914cc3cc69d768471e;Legacy scalar has no row-level source and is not a reviewed release event.
104;2021-12-17;yes;;Snorlax;sI100;342;—;V2;;Start Deck 100;Fixed;Asako Ito;reverse-holo;marketplace-claimed;4;;;;;;;;;;X;X;X;X;;;https://www.cardmarket.com/en/Pokemon/Products/Singles/Start-Deck-100/Snorlax-V2-sI100342;si100-342-v2-none;legacy-set-reconciliation-v1;203;0;0;0;0;needs-evidence;needs-evidence;inherited-legacy-estimate-with-warning;;;Japanese, Korean, T-Chinese, S-Chinese;sha256:7224fd03834f9793c84862ecc35268d25519788e5a2fe901a6c9dec3fde36240;Legacy scalar has no row-level source and is not a reviewed release event.
105;2022-03;yes;;Snorlax;sN;008;—;base;;Start Deck 100 CoroCoro Comic Version;Fixed;Oswaldo KATO;non-holo;confirmed, pending;3;;;;;;;;;;X;X;X;;;;https://www.cardmarket.com/en/Pokemon/Products/Singles/Start-Deck-100-CoroCoro-Comic-Version/Snorlax-sN008;sn-008-base-none;legacy-set-reconciliation-v1;203;0;0;0;0;needs-evidence;needs-evidence;inherited-legacy-estimate-with-warning;;;Japanese, Korean, T-Chinese;sha256:59e26aeec165e58fcdf798313483a965cd2b37212c3b233a110b1d41f5c72c88;Legacy scalar has no row-level source and is not a reviewed release event.
106;2022-05-13;yes;;Snorlax;s10a;058;—;V1;;Dark Phantasma;Rare;0313;non-holo, reverse-holo;confirmed, marketplace-claimed;5;;;;;;;;;;X;X;X;;X;X;https://www.cardmarket.com/en/Pokemon/Products/Singles/Dark-Phantasma/Snorlax-V1-s10a058;s10a-058-v1-none;legacy-set-reconciliation-v1;203;0;0;0;0;needs-evidence;needs-evidence;inherited-legacy-estimate-with-warning;;;Japanese, Korean, T-Chinese, Indonesian, Thai;sha256:3d65c327ed2e1efa84e7e276eaafe447d2aa9c9089b95c5c990b7a7a636649a0;Legacy scalar has no row-level source and is not a reviewed release event.
107;2022-05-13;yes;;Snorlax;s10a;077;—;V2;;Dark Phantasma;Character Rare;Kouki Saitou;;pending;5;;;;;;;;;;X;X;X;;X;X;https://www.cardmarket.com/en/Pokemon/Products/Singles/Dark-Phantasma/Snorlax-V2-s10a077;s10a-077-v2-none;legacy-set-reconciliation-v1;203;0;0;0;0;needs-evidence;needs-evidence;inherited-legacy-estimate-with-warning;;;Japanese, Korean, T-Chinese, Indonesian, Thai;sha256:311395cdfba8158413e05edd77a7d79477039ea12bb7c3902d58f300a9115298;Legacy scalar has no row-level source and is not a reviewed release event.
108;2022-06-17;yes;;Snorlax;s10b;056;—;base;;Pokémon GO Enhanced Expansion Pack;Rare;N-DESIGN Inc.;non-holo;confirmed, marketplace-claimed;5;;;;;;;;;;X;X;X;;X;X;https://www.cardmarket.com/en/Pokemon/Products/Singles/Pokemon-GO-Enhanced-Expansion-Pack/Snorlax-s10b056;s10b-056-base-none;legacy-set-reconciliation-v1;203;0;0;0;0;needs-evidence;needs-evidence;inherited-legacy-estimate-with-warning;;;Japanese, Korean, T-Chinese, Indonesian, Thai;sha256:ef3d09f39c263e4962533f86127cfc57dc9b07f45e47768f6ec041dcf541247b;Legacy scalar has no row-level source and is not a reviewed release event.
109;2022-07-01;yes;;Snorlax;PGO;055;—;V1;;Pokémon GO;Holo Rare;N-DESIGN Inc.;holo, reverse-holo;confirmed;6;X;X;X;X;X;X;;;;;;;;;;https://www.cardmarket.com/en/Pokemon/Products/Singles/Pokemon-GO/Snorlax-V1-PGO055;pgo-055-v1-none;legacy-set-reconciliation-v1;203;0;0;0;0;needs-evidence;needs-evidence;inherited-legacy-estimate-with-warning;;;English, French, German, Italian, Spanish, Portuguese;sha256:c537138bb238d383a6db4ee8c81a4840eb7fb17fd2397fea4b8017729ba32a1b;Legacy scalar has no row-level source and is not a reviewed release event.
110;2022-07-01;yes;;Snorlax;PGO;055;—;V2;;Pokémon GO;Promo;N-DESIGN Inc.;holo;confirmed, pending;6;X;X;X;X;X;X;;;;;;;;;;https://www.cardmarket.com/en/Pokemon/Products/Singles/Pokemon-GO/Snorlax-V2-PGO055;pgo-055-v2-none;legacy-set-reconciliation-v1;203;0;0;0;0;needs-evidence;needs-evidence;inherited-legacy-estimate-with-warning;;;English, French, German, Italian, Spanish, Portuguese;sha256:d67270c5ee39eea53f3072c40fdec520555b44d2953fd83278c04d3ceb99631a;Legacy scalar has no row-level source and is not a reviewed release event.
111;2022-09-09;yes;;Snorlax;LOR;143;—;V1;;Lost Origin;Holo Rare;0313;holo, reverse-holo;confirmed;6;X;X;X;X;X;X;;;;;;;;;;https://www.cardmarket.com/en/Pokemon/Products/Singles/Lost-Origin/Snorlax-V1-LOR143;lor-143-v1-none;legacy-set-reconciliation-v1;203;0;0;0;0;needs-evidence;needs-evidence;inherited-legacy-estimate-with-warning;;;English, French, German, Italian, Spanish, Portuguese;sha256:687f2362c84fd1f37c9ce5cdc6c14477b679d661183ce48d765cbb00ca77dd1d;Legacy scalar has no row-level source and is not a reviewed release event.
112;2022-09-09;yes;;Snorlax;LOR;TG10;—;base;;Lost Origin;Illustration Rare;Kouki Saitou;non-holo, reverse-holo;confirmed;6;X;X;X;X;X;X;;;;;;;;;;https://www.cardmarket.com/en/Pokemon/Products/Singles/Lost-Origin/Snorlax-LORTG10;lor-tg10-base-none;legacy-set-reconciliation-v1;203;0;0;0;0;needs-evidence;needs-evidence;inherited-legacy-estimate-with-warning;;;English, French, German, Italian, Spanish, Portuguese;sha256:6b4a521a96c87e786bfa10a8c676d87442ad6a2ec86eb64c2a7c1d7d2ad5d569;Legacy scalar has no row-level source and is not a reviewed release event.
113;2022-10-28;yes;https://bulbapedia.bulbagarden.net/wiki/Storming_Emergence_%28ATCG%29;Snorlax GX;CSM1cC;102;—;base;;Storming Emergence - Abundant;Double Rare;;;pending;1;;;;;;;;;;;;;X;;;https://www.cardmarket.com/en/Pokemon/Products/Singles/Storming-Emergence-Abundant/Snorlax-GX-CSM1cC102;csm1cc-102-base-none;legacy-set-reconciliation-v1;203;0;0;0;0;lossless-projected;complete;newly-sourced;EVENT:4024b51b7d4f7e32;S-Chinese;;sha256:0cd3eafa05b73b056bdceac5f5be1da85f10163d71190c6e09c179f1fd25d99a;
114;2022-11-09;yes;;Snorlax;PPS1 VIV;VIV 131;—;V1;;Play! Pokémon Prize Pack Series One;Prize Pack Series;Atsuko Nishida;non-holo;confirmed, pending;5;X;X;X;X;X;;;;;;;;;;;https://www.cardmarket.com/en/Pokemon/Products/Singles/Play-Pokemon-Prize-Pack-Series-One/Snorlax-V1-PPS1VIV-131;pps1viv-viv131-v1-none;legacy-set-reconciliation-v1;203;0;0;0;0;needs-evidence;needs-evidence;inherited-legacy-estimate-with-warning;;;English, French, German, Italian, Spanish;sha256:42771373d3d0345c715436bf4b65e2fec299a3a93cb7fd3c79079cd9d59f60f4;Legacy scalar has no row-level source and is not a reviewed release event.
115;2022-11-09;yes;;Snorlax;PPS1 VIV;VIV 131;—;V2;;Play! Pokémon Prize Pack Series One;Prize Pack Series;Atsuko Nishida;holo;confirmed, pending;5;X;X;X;X;X;;;;;;;;;;;https://www.cardmarket.com/en/Pokemon/Products/Singles/Play-Pokemon-Prize-Pack-Series-One/Snorlax-V2-PPS1VIV-131;pps1viv-viv131-v2-none;legacy-set-reconciliation-v1;203;0;0;0;0;needs-evidence;needs-evidence;inherited-legacy-estimate-with-warning;;;English, French, German, Italian, Spanish;sha256:dc6d257ebdb289640ee9d974d4f2ff36c0f2e032302770a06fb02e49929bb014;Legacy scalar has no row-level source and is not a reviewed release event.
116;~2023;approx;;Snorlax;SVP;051;—;V1;;SV Black Star Promos;Promo;GOSSAN;holo;confirmed;6;X;X;X;X;X;X;;;;;;;;;;https://www.cardmarket.com/en/Pokemon/Products/Singles/SV-Black-Star-Promos/Snorlax-V1-SVP051;svp-051-v1-none;legacy-set-reconciliation-v1;203;0;0;0;0;needs-evidence;needs-evidence;inherited-legacy-estimate-with-warning;;;English, French, German, Italian, Spanish, Portuguese;sha256:602b2fd40eaf4a644b3867ee4e1478ae1b1f10c74c8c6b7236b0cec0478c53ef;Legacy scalar has no row-level source and is not a reviewed release event.
117;~2023;approx;;Snorlax;SVP;051;—;V2;;SV Black Star Promos;Promo;GOSSAN;holo;confirmed;1;X;;;;;;;;;;;;;;;https://www.cardmarket.com/en/Pokemon/Products/Singles/SV-Black-Star-Promos/Snorlax-V2-SVP051;svp-051-v2-none;legacy-set-reconciliation-v1;203;0;0;0;0;needs-evidence;needs-evidence;inherited-legacy-estimate-with-warning;;;English;sha256:50f9123f929b9a26063448988f8087605d009170f487342dfad05304b3c1d7a5;Legacy scalar has no row-level source and is not a reviewed release event.
118;~2023;approx;;Snorlax;S-P/CS;061;—;base;;Sword & Shield Simplified Chinese Promos;Promo;;;pending;1;;;;;;;;;;;;;X;;;https://www.cardmarket.com/en/Pokemon/Products/Singles/Sword-Shield-Simplified-Chinese-Promos/Snorlax-S-PCS061;spcs-061-base-none;legacy-set-reconciliation-v1;203;0;0;0;0;needs-evidence;needs-evidence;inherited-legacy-estimate-with-warning;;;S-Chinese;sha256:d69fcc0bb1323e8695f29201c3e981d9ef1c61ca21dfd8d62e060a28bdf27205;Legacy scalar has no row-level source and is not a reviewed release event.
119;2023-01-18;yes;https://bulbapedia.bulbagarden.net/wiki/Shining_Synergy_%28ATCG%29;Eevee & Snorlax GX;CSM2cC;103;—;V1;;Shining Synergy - Summon;Double Rare;;;pending;1;;;;;;;;;;;;;X;;;https://www.cardmarket.com/en/Pokemon/Products/Singles/Shining-Synergy-Summon/Eevee-Snorlax-GX-V1-CSM2cC103;csm2cc-103-v1-none;legacy-set-reconciliation-v1;203;0;0;0;0;lossless-projected;complete;newly-sourced;EVENT:b9515691e4296f7a;S-Chinese;;sha256:2b63cf268f8025e1b0f755cb2f00e0c1a916d41e2097c85b654eb1c9f2cd1f7f;
120;2023-01-18;yes;https://bulbapedia.bulbagarden.net/wiki/Shining_Synergy_%28ATCG%29;Eevee & Snorlax GX;CSM2cC;170;—;V2;;Shining Synergy - Summon;Ultra Rare;;;pending;1;;;;;;;;;;;;;X;;;https://www.cardmarket.com/en/Pokemon/Products/Singles/Shining-Synergy-Summon/Eevee-Snorlax-GX-V2-CSM2cC170;csm2cc-170-v2-none;legacy-set-reconciliation-v1;203;0;0;0;0;lossless-projected;complete;newly-sourced;EVENT:b9515691e4296f7a;S-Chinese;;sha256:67636a5beb34657a20701babd6d9aa5d1b09408ddb679e730ab3471e7aa28fd0;
121;2023-01-18;yes;https://bulbapedia.bulbagarden.net/wiki/Shining_Synergy_%28ATCG%29;Eevee & Snorlax GX;CSM2cC;171;—;V3;;Shining Synergy - Summon;Special Illustration Rare;;;pending;1;;;;;;;;;;;;;X;;;https://www.cardmarket.com/en/Pokemon/Products/Singles/Shining-Synergy-Summon/Eevee-Snorlax-GX-V3-CSM2cC171;csm2cc-171-v3-none;legacy-set-reconciliation-v1;203;0;0;0;0;lossless-projected;complete;newly-sourced;EVENT:b9515691e4296f7a;S-Chinese;;sha256:aaa7e219bad18f2f59e0e34e2ecf97ac4d724fb029d0c054ca93d7f29806e9cd;
122;2023-01-18;yes;https://bulbapedia.bulbagarden.net/wiki/Shining_Synergy_%28ATCG%29;Snorlax;CSM2bC;124;—;base;;Shining Synergy - Supreme;Rare;;non-holo, reverse-holo;marketplace-claimed;1;;;;;;;;;;;;;X;;;https://www.cardmarket.com/en/Pokemon/Products/Singles/Shining-Synergy-Supreme/Snorlax-CSM2bC124;csm2bc-124-base-none;legacy-set-reconciliation-v1;203;0;0;0;0;lossless-projected;complete;newly-sourced;EVENT:4bdc9ecfe6eec1b6;S-Chinese;;sha256:9f36f83dc4e9aa40df4981fe44a28b73af796e9d4575ae8b4bf1c7f7f84933f7;
123;2023-01-18;yes;https://bulbapedia.bulbagarden.net/wiki/Shining_Synergy_GX_Starter_Deck_%28ATCG%29;Snorlax;CSM2DC;213;—;base;;Shining Synergy GX Starter Deck;Fixed;;;pending;1;;;;;;;;;;;;;X;;;https://www.cardmarket.com/en/Pokemon/Products/Singles/Shining-Synergy-GX-Starter-Deck/Snorlax-CSM2DC213;csm2dc-213-base-none;legacy-set-reconciliation-v1;203;0;0;0;0;lossless-projected;complete;newly-sourced;EVENT:f70fadc838e3383a;S-Chinese;;sha256:5ab7d3a559bbe8db55906d6af8aae662927e4bfff2f17a219377af64d0decce6;
124;2023-01-20;yes;;Snorlax;CRZ;109;—;base;;Crown Zenith;Rare;Asako Ito;non-holo, reverse-holo;confirmed;6;X;X;X;X;X;X;;;;;;;;;;https://www.cardmarket.com/en/Pokemon/Products/Singles/Crown-Zenith/Snorlax-CRZ109;crz-109-base-none;legacy-set-reconciliation-v1;203;0;0;0;0;needs-evidence;needs-evidence;inherited-legacy-estimate-with-warning;;;English, French, German, Italian, Spanish, Portuguese;sha256:39f15ced6c03449cd8dff64f75deccfadbc4e3960ea6bae01d5a6c4e644a9925;Legacy scalar has no row-level source and is not a reviewed release event.
125;2023-04-15;yes;https://bulbapedia.bulbagarden.net/wiki/Battle_Party_Set_%28ATCG%29;Snorlax;CSMPC;h009;—;base;;Battle Party Set;Fixed;;;pending;1;;;;;;;;;;;;;X;;;https://www.cardmarket.com/en/Pokemon/Products/Singles/Battle-Party-Set/Snorlax-CSMPCh009;csmpc-h009-base-none;legacy-set-reconciliation-v1;203;0;0;0;0;lossless-projected;complete;newly-sourced;EVENT:b82edf43d1d9a5fc;S-Chinese;;sha256:c2ae723fa465e1075f741c63919d42b391c640608bb52184d9069f7d1f1d2571;
126;2023-05-19;yes;;Snorlax;CS1aC;110;—;base;;Dynamax Clash - Thunder;Uncommon;;non-holo, reverse-holo;marketplace-claimed;1;;;;;;;;;;;;;X;;;https://www.cardmarket.com/en/Pokemon/Products/Singles/Dynamax-Clash-Thunder/Snorlax-CS1aC110;cs1ac-110-base-none;legacy-set-reconciliation-v1;203;0;0;0;0;needs-evidence;needs-evidence;inherited-legacy-estimate-with-warning;;;S-Chinese;sha256:d66bdc1ad5443c5f7141fda87aaa8a218f038576575bfcab93b1550634e7364f;Legacy scalar has no row-level source and is not a reviewed release event.
127;2023-05-19;yes;;Snorlax V;CS1aC;111;—;V1;;Dynamax Clash - Thunder;Double Rare;;;pending;1;;;;;;;;;;;;;X;;;https://www.cardmarket.com/en/Pokemon/Products/Singles/Dynamax-Clash-Thunder/Snorlax-V-V1-CS1aC111;cs1ac-111-v1-none;legacy-set-reconciliation-v1;203;0;0;0;0;needs-evidence;needs-evidence;inherited-legacy-estimate-with-warning;;;S-Chinese;sha256:f95fc3dc6da76582c06f117c34018551d4e685e7f7bc30a494713c1980bca8e8;Legacy scalar has no row-level source and is not a reviewed release event.
128;2023-05-19;yes;;Snorlax VMAX;CS1aC;112;—;V1;;Dynamax Clash - Thunder;Triple Rare;;;pending;1;;;;;;;;;;;;;X;;;https://www.cardmarket.com/en/Pokemon/Products/Singles/Dynamax-Clash-Thunder/Snorlax-VMAX-V1-CS1aC112;cs1ac-112-v1-none;legacy-set-reconciliation-v1;203;0;0;0;0;needs-evidence;needs-evidence;inherited-legacy-estimate-with-warning;;;S-Chinese;sha256:5b2b91bccfcdec46e90d8e9768e16b458c758ac8869e8908ddf2a3950246ade6;Legacy scalar has no row-level source and is not a reviewed release event.
129;2023-05-19;yes;;Snorlax V;CS1aC;188;—;V2;;Dynamax Clash - Thunder;Ultra Rare;;;pending;1;;;;;;;;;;;;;X;;;https://www.cardmarket.com/en/Pokemon/Products/Singles/Dynamax-Clash-Thunder/Snorlax-V-V2-CS1aC188;cs1ac-188-v2-none;legacy-set-reconciliation-v1;203;0;0;0;0;needs-evidence;needs-evidence;inherited-legacy-estimate-with-warning;;;S-Chinese;sha256:ae6d24f26b0e6776f68d945f1f63e236a27b471886ba7738a34b548111466172;Legacy scalar has no row-level source and is not a reviewed release event.
130;2023-05-19;yes;;Snorlax VMAX;CS1aC;207;—;V2;;Dynamax Clash - Thunder;Rainbow Rare;;;pending;1;;;;;;;;;;;;;X;;;https://www.cardmarket.com/en/Pokemon/Products/Singles/Dynamax-Clash-Thunder/Snorlax-VMAX-V2-CS1aC207;cs1ac-207-v2-none;legacy-set-reconciliation-v1;203;0;0;0;0;needs-evidence;needs-evidence;inherited-legacy-estimate-with-warning;;;S-Chinese;sha256:4e44de39882f37f0b3d8fe53c364cdb3f2c06291817f2c3c840aee6416a84d14;Legacy scalar has no row-level source and is not a reviewed release event.
131;2023-05-19;yes;https://bulbapedia.bulbagarden.net/wiki/Dynamax_Clash_Deck_Building_Gift_Box_%28ATCG%29;Snorlax V;CSAC;009;—;base;;Dynamax Clash Deck Building Box;Fixed;;;pending;1;;;;;;;;;;;;;X;;;https://www.cardmarket.com/en/Pokemon/Products/Singles/Dynamax-Clash-Deck-Building-Box/Snorlax-V-CSAC009;csac-009-base-none;legacy-set-reconciliation-v1;203;0;0;0;0;lossless-projected;complete;newly-sourced;EVENT:ea79602071d83181;S-Chinese;;sha256:a60b23d74cb964cf6527904c3dc483e97bf916ca7e00d81480ff848f3b1bdf78;
132;2023-05-19;yes;https://bulbapedia.bulbagarden.net/wiki/Dynamax_Clash_V_Starter_Deck_%28ATCG%29;Snorlax;CS1DC;152;—;base;;Dynamax Clash V Starter Deck;Fixed;;;pending;1;;;;;;;;;;;;;X;;;https://www.cardmarket.com/en/Pokemon/Products/Singles/Dynamax-Clash-V-Starter-Deck/Snorlax-CS1DC152;cs1dc-152-base-none;legacy-set-reconciliation-v1;203;0;0;0;0;lossless-projected;complete;newly-sourced;EVENT:bf752a52656ac329;S-Chinese;;sha256:28550e5b9466d6885348a80e368dcb0413577d33953d8d2f51d79e098584a709;
133;~2023;approx;;Snorlax;PPS3 LOR;LOR 143;—;base;;Play! Pokémon Prize Pack Series Three;Prize Pack Series;0313;non-holo;confirmed, pending;5;X;X;X;X;X;;;;;;;;;;;https://www.cardmarket.com/en/Pokemon/Products/Singles/Play-Pokemon-Prize-Pack-Series-Three/Snorlax-PPS3LOR-143;pps3lor-lor143-base-none;legacy-set-reconciliation-v1;203;0;0;0;0;needs-evidence;needs-evidence;inherited-legacy-estimate-with-warning;;;English, French, German, Italian, Spanish;sha256:c9986e355ae70db9f9d49e489f16b91457b04c2cef9b3bcc089e61803e96b270;Legacy scalar has no row-level source and is not a reviewed release event.
134;2023-06-16;yes;;Snorlax;sv2a;143;—;V1;;Pokémon Card 151;Uncommon;;non-holo;confirmed, marketplace-claimed;5;;;;;;;;;;X;X;X;;X;X;https://www.cardmarket.com/en/Pokemon/Products/Singles/Pokemon-Card-151/Snorlax-V1-sv2a143;sv2a-143-v1-none;legacy-set-reconciliation-v1;203;0;0;0;0;needs-evidence;needs-evidence;inherited-legacy-estimate-with-warning;;;Japanese, Korean, T-Chinese, Indonesian, Thai;sha256:47eb85d43d1ccb9eadefe9f41c85560d6d05d42ece4e6abd35ed7e7133a210f7;Legacy scalar has no row-level source and is not a reviewed release event.
135;2023-06-16;yes;;Snorlax;sv2a;181;—;V2;;Pokémon Card 151;Illustration Rare;;non-holo;confirmed, pending;5;;;;;;;;;;X;X;X;;X;X;https://www.cardmarket.com/en/Pokemon/Products/Singles/Pokemon-Card-151/Snorlax-V2-sv2a181;sv2a-181-v2-none;legacy-set-reconciliation-v1;203;0;0;0;0;needs-evidence;needs-evidence;inherited-legacy-estimate-with-warning;;;Japanese, Korean, T-Chinese, Indonesian, Thai;sha256:f7d8803c9d243ed2869dc8090567579f3e7b6ac3d057643913d16a1d89ce9e08;Legacy scalar has no row-level source and is not a reviewed release event.
136;2023-06-16;yes;;Snorlax;xsv2a;143;—;V1;Poké Ball mirror holo;Pokémon Card 151: Additionals;Uncommon;;non-holo, mirror-holo;confirmed;3;;;;;;;;;;X;X;X;;;;https://www.cardmarket.com/en/Pokemon/Products/Singles/Pokemon-Card-151-Additionals/Snorlax-V1-xsv2a143;xsv2a-143-v1-none;legacy-set-reconciliation-v1;203;0;0;0;0;needs-evidence;needs-evidence;inherited-legacy-estimate-with-warning;;;Japanese, Korean, T-Chinese;sha256:d90f8e668d8ccb712aba51df441b3d4f3e646f6a96400a022b4e20b335b131ec;Legacy scalar has no row-level source and is not a reviewed release event.
137;2023-06-16;yes;;Snorlax;xsv2a;143;—;V2;Master Ball mirror holo;Pokémon Card 151: Additionals;Uncommon;;non-holo, mirror-holo;confirmed;3;;;;;;;;;;X;X;X;;;;https://www.cardmarket.com/en/Pokemon/Products/Singles/Pokemon-Card-151-Additionals/Snorlax-V2-xsv2a143;xsv2a-143-v2-none;legacy-set-reconciliation-v1;203;0;0;0;0;needs-evidence;needs-evidence;inherited-legacy-estimate-with-warning;;;Japanese, Korean, T-Chinese;sha256:ea1c72524b19bfe5e832356a2176458486350a540a4ac05d1b74865e935ce5a1;Legacy scalar has no row-level source and is not a reviewed release event.
138;2023-08-18;yes;https://bulbapedia.bulbagarden.net/wiki/Vivid_Portrayals_%28ATCG%29;Snorlax;CS2aC;086;—;V1;;Vivid Portrayals - Obsidian;Rare;;non-holo, reverse-holo;marketplace-claimed;1;;;;;;;;;;;;;X;;;https://www.cardmarket.com/en/Pokemon/Products/Singles/Vivid-Portrayals-Obsidian/Snorlax-V1-CS2aC086;cs2ac-086-v1-none;legacy-set-reconciliation-v1;203;0;0;0;0;lossless-projected;complete;newly-sourced;EVENT:85723247566e5988;S-Chinese;;sha256:87b6d1a9d63528d32dccf6193b01ce2bb87acc33e117605219e037d3da8c5029;
139;2023-08-18;yes;https://bulbapedia.bulbagarden.net/wiki/Vivid_Portrayals_%28ATCG%29;Snorlax;CS2aC;142;—;V2;;Vivid Portrayals - Obsidian;Secret Rare;;;pending;1;;;;;;;;;;;;;X;;;https://www.cardmarket.com/en/Pokemon/Products/Singles/Vivid-Portrayals-Obsidian/Snorlax-V2-CS2aC142;cs2ac-142-v2-none;legacy-set-reconciliation-v1;203;0;0;0;0;lossless-projected;complete;newly-sourced;EVENT:85723247566e5988;S-Chinese;;sha256:0f194079aeaf99cbdc2716f9038c804541449c73fb97b435a01963b3600664f9;
140;2023-09-09;yes;https://bulbapedia.bulbagarden.net/wiki/Golden_Energy_%28ATCG%29;Eevee & Snorlax GX;CSM2.1C;054;—;base;;Golden Energy;Fixed;;;pending;1;;;;;;;;;;;;;X;;;https://www.cardmarket.com/en/Pokemon/Products/Singles/Golden-Energy/Eevee-Snorlax-GX-CSM21C054;csm21c-054-base-none;legacy-set-reconciliation-v1;203;0;0;0;0;lossless-projected;complete;newly-sourced;EVENT:9fe71051e07022ab;S-Chinese;;sha256:9d803acd0a8a36dfb1653598375f54bbfaecc8294e42aceb6788b8d06f5124e2;
141;2023-09-22;yes;;Snorlax;MEW;143;—;base;;151;Uncommon;HYOGONOSUKE;non-holo, reverse-holo;confirmed;6;X;X;X;X;X;X;;;;;;;;;;https://www.cardmarket.com/en/Pokemon/Products/Singles/151/Snorlax-MEW143;mew-143-base-none;legacy-set-reconciliation-v1;203;0;0;0;0;needs-evidence;needs-evidence;inherited-legacy-estimate-with-warning;;;English, French, German, Italian, Spanish, Portuguese;sha256:77a92e9650f0138da35ea5cb648725a67b2a635d244850274064c8e559e339b0;Legacy scalar has no row-level source and is not a reviewed release event.
142;2023-10-27;yes;;Snorlax Doll;sv4K;059;—;base;;Ancient Roar;Uncommon;;non-holo;confirmed;4;;;;;;;;;;X;X;X;;;X;https://www.cardmarket.com/en/Pokemon/Products/Singles/Ancient-Roar/Snorlax-Doll-sv4K059;sv4k-059-base-none;legacy-set-reconciliation-v1;203;0;0;0;0;needs-evidence;needs-evidence;inherited-legacy-estimate-with-warning;;;Japanese, Korean, T-Chinese, Thai;sha256:34194735b03a17747cf537258c9e95419c63b135128dc86e383ceee9eebd1109;Legacy scalar has no row-level source and is not a reviewed release event.
143;~2023;approx;;Snorlax;CLF;016;—;base;;Pokémon Card Game Classic: Venusaur & Lugia ex Deck;Fixed;;;pending;3;;;;;;;;;;X;X;X;;;;https://www.cardmarket.com/en/Pokemon/Products/Singles/Pokemon-Card-Game-Classic-Venusaur-Lugia-ex-Deck/Snorlax-CLF016;clf-016-base-none;legacy-set-reconciliation-v1;203;0;0;0;0;needs-evidence;needs-evidence;inherited-legacy-estimate-with-warning;;;Japanese, Korean, T-Chinese;sha256:e6f07dd4c57273aad0f7c88bbeedeffb97f3c58e8400ed70634b0e09a2aa3fa9;Legacy scalar has no row-level source and is not a reviewed release event.
144;~2023;approx;;Snorlax;WCD23 LOR;LOR 143;—;base;;WCD 2023;World Championship Deck;0313;non-holo;marketplace-claimed, pending;4;X;X;X;X;;;;;;;;;;;;https://www.cardmarket.com/en/Pokemon/Products/Singles/WCD-2023/Snorlax-WCD23LOR-143;wcd23lor-lor143-base-none;legacy-set-reconciliation-v1;203;0;0;0;0;needs-evidence;needs-evidence;inherited-legacy-estimate-with-warning;;;English, French, German, Italian;sha256:2ac9eb33b80da6b520633d88afa379a2c07cff35838bcef5e11588202396b237;Legacy scalar has no row-level source and is not a reviewed release event.
145;2023-11-03;yes;;Snorlax Doll;PAR;175;—;base;;Paradox Rift;Uncommon;AYUMI ODASHIMA;non-holo, reverse-holo;confirmed;6;X;X;X;X;X;X;;;;;;;;;;https://www.cardmarket.com/en/Pokemon/Products/Singles/Paradox-Rift/Snorlax-Doll-PAR175;par-175-base-none;legacy-set-reconciliation-v1;203;0;0;0;0;needs-evidence;needs-evidence;inherited-legacy-estimate-with-warning;;;English, French, German, Italian, Spanish, Portuguese;sha256:0875286e1a3ebd9517dd8b9cf70e78433277257c6f88e36acadf0493b383dc1a;Legacy scalar has no row-level source and is not a reviewed release event.
146;2023-11-10;yes;;Snorlax;svG;021;—;base;;Venusaur & Charizard & Blastoise Special Deck Set ex;Fixed;0313;;pending;2;;;;;;;;;;X;X;;;;;https://www.cardmarket.com/en/Pokemon/Products/Singles/Venusaur-Charizard-Blastoise-Special-Deck-Set-ex/Snorlax-svG021;svg-021-base-none;legacy-set-reconciliation-v1;203;0;0;0;0;needs-evidence;needs-evidence;inherited-legacy-estimate-with-warning;;;Japanese, Korean;sha256:625810cceb56a9168be184c3c8e105aba236058bc7ee626e14c5dfe2caed6949;Legacy scalar has no row-level source and is not a reviewed release event.
147;2023-11-17;yes;;Snorlax;CLV;016;—;base;;Pokémon Trading Card Game Classic: Venusaur & Lugia ex Deck;Fixed;;holo;confirmed;1;X;;;;;;;;;;;;;;;https://www.cardmarket.com/en/Pokemon/Products/Singles/Pokemon-Trading-Card-Game-Classic-Venusaur-Lugia-ex-Deck/Snorlax-CLV016;clv-016-base-none;legacy-set-reconciliation-v1;203;0;0;0;0;needs-evidence;needs-evidence;inherited-legacy-estimate-with-warning;;;English;sha256:4df7b1266d7feae05300013eed74335ba6b947663121bfb695a6361908cce159;Legacy scalar has no row-level source and is not a reviewed release event.
148;2023-11-17;yes;https://bulbapedia.bulbagarden.net/wiki/Primordial_Arts_V_Starter_Deck_%28ATCG%29;Snorlax;CS3DC;117;—;base;;Primordial Arts V Starter Deck;Fixed;;;pending;1;;;;;;;;;;;;;X;;;https://www.cardmarket.com/en/Pokemon/Products/Singles/Primordial-Arts-V-Starter-Deck/Snorlax-CS3DC117;cs3dc-117-base-none;legacy-set-reconciliation-v1;203;0;0;0;0;lossless-projected;complete;newly-sourced;EVENT:6494253774dc2242;S-Chinese;;sha256:aa2b1f3a69c39f7a4f76d45c52f3ee121ef984f4d0a5de6fece3a89093f9ffe4;
149;2023-12-01;yes;;Snorlax;sv4a;145;—;V1;;Shiny Treasure ex;Fixed;HYOGONOSUKE;reverse-holo;marketplace-claimed;5;;;;;;;;;;X;X;X;;X;X;https://www.cardmarket.com/en/Pokemon/Products/Singles/Shiny-Treasure-ex/Snorlax-V1-sv4a145;sv4a-145-v1-none;legacy-set-reconciliation-v1;203;0;0;0;0;needs-evidence;needs-evidence;inherited-legacy-estimate-with-warning;;;Japanese, Korean, T-Chinese, Indonesian, Thai;sha256:294b29267ff393500e5f2c949002680a1403f40739a204c5c00328584d98fefc;Legacy scalar has no row-level source and is not a reviewed release event.
150;2023-12-01;yes;;Snorlax;sv4a;310;—;V2;;Shiny Treasure ex;Shiny Rare;;non-holo;confirmed, pending;5;;;;;;;;;;X;X;X;;X;X;https://www.cardmarket.com/en/Pokemon/Products/Singles/Shiny-Treasure-ex/Snorlax-V2-sv4a310;sv4a-310-v2-none;legacy-set-reconciliation-v1;203;0;0;0;0;needs-evidence;needs-evidence;inherited-legacy-estimate-with-warning;;;Japanese, Korean, T-Chinese, Indonesian, Thai;sha256:080758665bfb0034870e3b6135ec7019389120f9126a5ed45592b2996527091a;Legacy scalar has no row-level source and is not a reviewed release event.
151;~2024;approx;;Snorlax;SVP;122;—;base;;SV Black Star Promos;Promo;Po-Suzuki;holo;confirmed;6;X;X;X;X;X;X;;;;;;;;;;https://www.cardmarket.com/en/Pokemon/Products/Singles/SV-Black-Star-Promos/Snorlax-SVP122;svp-122-base-none;legacy-set-reconciliation-v1;203;0;0;0;0;needs-evidence;needs-evidence;inherited-legacy-estimate-with-warning;;;English, French, German, Italian, Spanish, Portuguese;sha256:0a3a8d314daf1b9782caccfb19e4b64584f29db903178d04c25685415c68b93e;Legacy scalar has no row-level source and is not a reviewed release event.
152;~2024;approx;;Snorlax;SV-P/TH;082;—;base;;Scarlet & Violet Thai Promos;Promo;;;pending;1;;;;;;;;;;;;;;;X;https://www.cardmarket.com/en/Pokemon/Products/Singles/Scarlet-Violet-Thai-Promos/Snorlax-SV-PTH082;svpth-082-base-none;legacy-set-reconciliation-v1;203;0;0;0;0;needs-evidence;needs-evidence;inherited-legacy-estimate-with-warning;;;Thai;sha256:78a1bea4ba774a3d5bc5b8734abd53817b0b79257bc78bb88d0f95923d38a6ff;Legacy scalar has no row-level source and is not a reviewed release event.
153;2024-01-26;yes;;Snorlax;PAF;202;—;base;;Paldean Fates;Shiny Rare;Shigenori Negishi;holo;confirmed;6;X;X;X;X;X;X;;;;;;;;;;https://www.cardmarket.com/en/Pokemon/Products/Singles/Paldean-Fates/Snorlax-PAF202;paf-202-base-none;legacy-set-reconciliation-v1;203;0;0;0;0;needs-evidence;needs-evidence;inherited-legacy-estimate-with-warning;;;English, French, German, Italian, Spanish, Portuguese;sha256:de922a040e7474ee0a61038ac78a67c10ea62166a4c79c7c8e399f305e84d832;Legacy scalar has no row-level source and is not a reviewed release event.
154;2024-03-08;yes;;Snorlax;svIba;046;—;base;;Scarlet & Violet Battle Academy;Fixed;;;pending;3;;;;;;;;;;X;X;;X;;;https://www.cardmarket.com/en/Pokemon/Products/Singles/Scarlet-Violet-Battle-Academy/Snorlax-svIba046;sviba-046-base-none;legacy-set-reconciliation-v1;203;0;0;0;0;needs-evidence;needs-evidence;inherited-legacy-estimate-with-warning;;;Japanese, Korean, S-Chinese;sha256:563790b97ab19c61362494176de8130535542e8715fb1321fe6c796f8c5afea0;Legacy scalar has no row-level source and is not a reviewed release event.
155;2024-03-22;yes;;Snorlax;sv5a;051;—;base;;Crimson Haze;Uncommon;;non-holo;confirmed, marketplace-claimed;4;;;;;;;;;;X;X;X;;;X;https://www.cardmarket.com/en/Pokemon/Products/Singles/Crimson-Haze/Snorlax-sv5a051;sv5a-051-base-none;legacy-set-reconciliation-v1;203;0;0;0;0;needs-evidence;needs-evidence;inherited-legacy-estimate-with-warning;;;Japanese, Korean, T-Chinese, Thai;sha256:7f7bb92dc3bc246f4dd1cbe67c72ae5be808e4741df0a4ed8a64b737412ab57a;Legacy scalar has no row-level source and is not a reviewed release event.
156;2024-05-24;yes;;Snorlax;TWM;136;—;base;;Twilight Masquerade;Uncommon;Souichirou Gunjima;non-holo, reverse-holo;confirmed;6;X;X;X;X;X;X;;;;;;;;;;https://www.cardmarket.com/en/Pokemon/Products/Singles/Twilight-Masquerade/Snorlax-TWM136;twm-136-base-none;legacy-set-reconciliation-v1;203;0;0;0;0;needs-evidence;needs-evidence;inherited-legacy-estimate-with-warning;;;English, French, German, Italian, Spanish, Portuguese;sha256:90d2f407658182bd1ed9b273b6f48cd788c226248611cd375fc16e34157a7c08;Legacy scalar has no row-level source and is not a reviewed release event.
157;2024-06-18;yes;https://bulbapedia.bulbagarden.net/wiki/Gallant_Galaxy_%28ATCG%29;Snorlax;CS5aC;093;—;base;;Brave Stars - Charm;Rare;;non-holo, reverse-holo;marketplace-claimed;1;;;;;;;;;;;;;X;;;https://www.cardmarket.com/en/Pokemon/Products/Singles/Brave-Stars-Charm/Snorlax-PKMSCHCS5aC-093;cs5ac-093-base-none;legacy-set-reconciliation-v1;203;0;0;0;0;lossless-projected;complete;newly-sourced;EVENT:792c7973830e3fa9;S-Chinese;;sha256:9b06fe8e4c38cf6307ba755a7132e3f065fb2307ef814b7a8789ae3c84aa3c69;
158;2024-06-18;yes;https://bulbapedia.bulbagarden.net/wiki/Gallant_Galaxy_V_Starter_Deck_%28ATCG%29;Snorlax;CS5DC;097;—;V1;;Brave Stars V Starter Deck;Fixed;;;pending;1;;;;;;;;;;;;;X;;;https://www.cardmarket.com/en/Pokemon/Products/Singles/Brave-Stars-V-Starter-Deck/Snorlax-V1-CS5DC097;cs5dc-097-v1-none;legacy-set-reconciliation-v1;203;0;0;0;0;lossless-projected;complete;newly-sourced;EVENT:69f56cdd8cb08e55;S-Chinese;;sha256:23dcf6fe8c4199d9b0a06d806545c076e10385db1254a8ea024d9ef808d51929;
159;2024-06-18;yes;https://bulbapedia.bulbagarden.net/wiki/Gallant_Galaxy_V_Starter_Deck_%28ATCG%29;Snorlax;CS5DC;098;—;V2;;Brave Stars V Starter Deck;Fixed;;;pending;1;;;;;;;;;;;;;X;;;https://www.cardmarket.com/en/Pokemon/Products/Singles/Brave-Stars-V-Starter-Deck/Snorlax-V2-CS5DC098;cs5dc-098-v2-none;legacy-set-reconciliation-v1;203;0;0;0;0;lossless-projected;complete;newly-sourced;EVENT:69f56cdd8cb08e55;S-Chinese;;sha256:09e9b8142e73163edc05e4b7700dc17e1bcfb20d2cbe56d77eed1869352c0c30;
160;2024-06-28;yes;;Snorlax;SV-P/ID;117;—;V1;Poké Ball mirror holo;Scarlet & Violet Indonesian Promos;Promo;;mirror-holo;confirmed;1;;;;;;;;;;;;;;X;;https://www.cardmarket.com/en/Pokemon/Products/Singles/Scarlet-Violet-Indonesian-Promos/Snorlax-V1-SV-PID117;svpid-117-v1-none;legacy-set-reconciliation-v1;203;0;0;0;0;needs-evidence;needs-evidence;inherited-legacy-estimate-with-warning;;;Indonesian;sha256:63831991a0c401dd70ab52d455a5d6c4b042c733c023eae39c3269eeea8c47f6;Legacy scalar has no row-level source and is not a reviewed release event.
161;2024-06-28;yes;;Snorlax;SV-P/ID;117;—;V2;Master Ball mirror holo;Scarlet & Violet Indonesian Promos;Promo;;mirror-holo;confirmed;1;;;;;;;;;;;;;;X;;https://www.cardmarket.com/en/Pokemon/Products/Singles/Scarlet-Violet-Indonesian-Promos/Snorlax-V2-SV-PID117;svpid-117-v2-none;legacy-set-reconciliation-v1;203;0;0;0;0;needs-evidence;needs-evidence;inherited-legacy-estimate-with-warning;;;Indonesian;sha256:27a68a6160fd5d99870df809da0cc779dede90b4e735e516203e08bfe0e03eb6;Legacy scalar has no row-level source and is not a reviewed release event.
162;2024-08-30;yes;https://bulbapedia.bulbagarden.net/wiki/Stellar_Tera_Type_Starter_Sets_%28TCG%29;Snorlax;svLN;010;—;base;;Stellar Tera Type Starter Set Sylveon ex;Fixed;;non-holo;confirmed, pending;2;;;;;;;;;;X;X;;;;;https://www.cardmarket.com/en/Pokemon/Products/Singles/Stellar-Tera-Type-Starter-Set-Sylveon-ex/Snorlax-svLN010;svln-010-base-none;legacy-set-reconciliation-v1;203;0;0;0;0;explicitly-split;needs-evidence;newly-sourced;EVENT:e66243fde42751e1;Japanese;Korean;sha256:03d2f24d0b0267d6a3435f0a8955ce73f32cc4338193856c9f8db3c58246701d;The scalar is not copied onto languages outside the source event scope.
163;2024-09-20;yes;https://bulbapedia.bulbagarden.net/wiki/Marine_Shadow_%28ATCG%29;Snorlax;CS6bC;113;—;base;;Azure Shadow - Pursuit;Rare;;non-holo, reverse-holo;marketplace-claimed;1;;;;;;;;;;;;;X;;;https://www.cardmarket.com/en/Pokemon/Products/Singles/Azure-Shadow-Pursuit/Snorlax-CS6bC113;cs6bc-113-base-none;legacy-set-reconciliation-v1;203;0;0;0;0;lossless-projected;complete;newly-sourced;EVENT:2e205e1bafa42118;S-Chinese;;sha256:2008946d7f93d43899a44270da51ed3fd2f0778e72cc101bce3596f8346cd4a3;
164;2024-10-26;yes;https://bulbapedia.bulbagarden.net/wiki/Pok%C3%A9mon_Card_Display_Set_Gift_Box_Vol._3_%28ATCG%29;Snorlax;CSUC;010;—;base;;Display Set Gift Box Gengar;Fixed;;;pending;1;;;;;;;;;;;;;X;;;https://www.cardmarket.com/en/Pokemon/Products/Singles/Display-Set-Gift-Box-Gengar/Snorlax-CSDC010;csuc-010-base-none;legacy-set-reconciliation-v1;203;0;0;0;0;lossless-projected;complete;newly-sourced;EVENT:dacbca835c555760;S-Chinese;;sha256:b4a078262fe860d01b397f36b6b4cae9f69932bc2449627a742e65912d5a5b45;
165;2024-11-08;yes;;Snorlax;SSP;144;—;base;;Surging Sparks;Common;Ounishi;non-holo, reverse-holo;confirmed;6;X;X;X;X;X;X;;;;;;;;;;https://www.cardmarket.com/en/Pokemon/Products/Singles/Surging-Sparks/Snorlax-SSP144;ssp-144-base-none;legacy-set-reconciliation-v1;203;0;0;0;0;needs-evidence;needs-evidence;inherited-legacy-estimate-with-warning;;;English, French, German, Italian, Spanish, Portuguese;sha256:7c0cac81f696dca1028383799b82c8ff2295c5621d3b0ef404f337bd702c4456;Legacy scalar has no row-level source and is not a reviewed release event.
166;2024-11-15;yes;https://bulbapedia.bulbagarden.net/wiki/Peripheral_Collection_Gift_Box%3A_Variety_Treasure_Box_%28ATCG%29;Snorlax;CSZC;018;—;base;;Variety Treasure Box;Fixed;;reverse-holo;marketplace-claimed;1;;;;;;;;;;;;;X;;;https://www.cardmarket.com/en/Pokemon/Products/Singles/Variety-Treasure-Box/Snorlax-CSZC018;cszc-018-base-none;legacy-set-reconciliation-v1;203;0;0;0;0;lossless-projected;complete;newly-sourced;EVENT:501963eea3bcd0f7;S-Chinese;;sha256:3603728eccb3120aefa5255e2f8ecde980d4275819144fb138cd74b1fed58c60;
167;2024-11-22;yes;;Snorlax ex;svM;094;—;base;;Generations Start Decks;Fixed;N-DESIGN Inc.;;pending;5;;;;;;;;;;X;X;X;;X;X;https://www.cardmarket.com/en/Pokemon/Products/Singles/Generations-Start-Decks/Snorlax-ex-svM094;svm-094-base-none;legacy-set-reconciliation-v1;203;0;0;0;0;needs-evidence;needs-evidence;inherited-legacy-estimate-with-warning;;;Japanese, Korean, T-Chinese, Indonesian, Thai;sha256:7cb5615db27095e7c302ef771b061bbff530414f920a6a46ff19449b5b05c135;Legacy scalar has no row-level source and is not a reviewed release event.
168;~2025;approx;;Snorlax;SV-P/CS;277;—;base;;Scarlet & Violet Simplified Chinese Promos;Promo;;reverse-holo;marketplace-claimed;1;;;;;;;;;;;;;X;;;https://www.cardmarket.com/en/Pokemon/Products/Singles/Scarlet-Violet-Simplified-Chinese-Promos/Snorlax-SV-PCS277;svpcs-277-base-none;legacy-set-reconciliation-v1;203;0;0;0;0;needs-evidence;needs-evidence;inherited-legacy-estimate-with-warning;;;S-Chinese;sha256:05a28113254e32317d589747cc5ce301ab01603038323fe8330b146ab0c67ef3;Legacy scalar has no row-level source and is not a reviewed release event.
169;2025-01-17;yes;;Snorlax;151C;143;—;V1;;Collect 151;Uncommon;;non-holo, reverse-holo;marketplace-claimed;1;;;;;;;;;;;;;X;;;https://www.cardmarket.com/en/Pokemon/Products/Singles/Collect-151/Snorlax-V1-151C143;151c-143-v1-none;legacy-set-reconciliation-v1;203;0;0;0;0;needs-evidence;needs-evidence;inherited-legacy-estimate-with-warning;;;S-Chinese;sha256:760390cd7f3f6705cbfcbfff43d9068ca888e7f456d37293f0f0adf21c7c7ff7;Legacy scalar has no row-level source and is not a reviewed release event.
170;2025-01-17;yes;;Snorlax;151C;169;—;V2;;Collect 151;Shiny Rare;;;pending;1;;;;;;;;;;;;;X;;;https://www.cardmarket.com/en/Pokemon/Products/Singles/Collect-151/Snorlax-V2-151C169;151c-169-v2-none;legacy-set-reconciliation-v1;203;0;0;0;0;needs-evidence;needs-evidence;inherited-legacy-estimate-with-warning;;;S-Chinese;sha256:37a6e1f3a9939d87b014f88efa6c64103e60ee8ea97fcc006f42a9e1d1946399;Legacy scalar has no row-level source and is not a reviewed release event.
171;2025-01-17;yes;https://bulbapedia.bulbagarden.net/wiki/Pikachu_%26_Clefairy_%26_Turtwig_%26_Gimmighoul_Happy_Set_%28ATCG%29;Snorlax;CSVH1C;a001;—;base;;Happy Set Pikachu & Clefairy & Turtwig & Gimmighoul;Fixed;;;pending;1;;;;;;;;;;;;;X;;;https://www.cardmarket.com/en/Pokemon/Products/Singles/Happy-Set-Pikachu-Clefairy-Turtwig-Gimmighoul/Snorlax-CSVH1Ca001;csvh1c-a001-base-none;legacy-set-reconciliation-v1;203;0;0;0;0;lossless-projected;complete;newly-sourced;EVENT:f979eddca3e175e6;S-Chinese;;sha256:ed2659a8c8ac1e0e0e4ff13b8f046cb92f723a2ab22bfe8d69d9870cecd1234d;
172;2025-01-17;yes;;Snorlax ex;PRE;076;—;base;;Prismatic Evolutions;Double Rare;N-DESIGN Inc.;holo;confirmed;6;X;X;X;X;X;X;;;;;;;;;;https://www.cardmarket.com/en/Pokemon/Products/Singles/Prismatic-Evolutions/Snorlax-ex-PRE076;pre-076-base-none;legacy-set-reconciliation-v1;203;0;0;0;0;needs-evidence;needs-evidence;inherited-legacy-estimate-with-warning;;;English, French, German, Italian, Spanish, Portuguese;sha256:d55a7603f62d6643aedb0064e1b088f19bf4f636609d51b5fd72a8dee5d107a3;Legacy scalar has no row-level source and is not a reviewed release event.
173;2025-01-24;yes;;Hop's Snorlax;sv9;075;—;base;;Battle Partners;Rare;;non-holo;confirmed, marketplace-claimed;3;;;;;;;;;;X;X;X;;;;https://www.cardmarket.com/en/Pokemon/Products/Singles/Battle-Partners/Hops-Snorlax-sv9075;sv9-075-base-none;legacy-set-reconciliation-v1;203;0;0;0;0;needs-evidence;needs-evidence;inherited-legacy-estimate-with-warning;;;Japanese, Korean, T-Chinese;sha256:5b22bb04c1d27adea11c50becc07e03a5240a36efa16b11aa128b0d1ec4bc7f7;Legacy scalar has no row-level source and is not a reviewed release event.
174;~2025;approx;;Snorlax ex;xPRE;076;—;V1;"""Prismatic Evolutions"" stamp, Snorlax ex & Blissey ex Special Collection";Prismatic Evolutions: Additionals;Promo;N-DESIGN Inc.;holo;confirmed;5;X;X;X;X;X;;;;;;;;;;;https://www.cardmarket.com/en/Pokemon/Products/Singles/Prismatic-Evolutions-Additionals/Snorlax-ex-V1-xPRE076;xpre-076-v1-none;legacy-set-reconciliation-v1;203;0;0;0;0;needs-evidence;needs-evidence;inherited-legacy-estimate-with-warning;;;English, French, German, Italian, Spanish;sha256:fe8caf69137740120689e35d745744d229d00902fecbda193f907c1d68c2726f;Legacy scalar has no row-level source and is not a reviewed release event.
175;~2025;approx;;Snorlax ex;xPRE;076;—;V2;Jumbo / oversized printing, Snorlax ex & Blissey ex Special Collection;Prismatic Evolutions: Additionals;Oversized;N-DESIGN Inc.;holo;confirmed;5;X;X;X;X;X;;;;;;;;;;;https://www.cardmarket.com/en/Pokemon/Products/Singles/Prismatic-Evolutions-Additionals/Snorlax-ex-V2-xPRE076;xpre-076-v2-none;legacy-set-reconciliation-v1;203;0;0;0;0;needs-evidence;needs-evidence;inherited-legacy-estimate-with-warning;;;English, French, German, Italian, Spanish;sha256:b5f8587be1fcc3069485d144dab7765732c28ca5c4b10d97fe7c835a7fe23e7a;Legacy scalar has no row-level source and is not a reviewed release event.
176;2025-02-28;yes;;Snorlax;CSVE1C;093;—;base;;Battle Party Dream Together;Fixed;;;pending;1;;;;;;;;;;;;;X;;;https://www.cardmarket.com/en/Pokemon/Products/Singles/Battle-Party-Dream-Together/Snorlax-CSVE1C093;csve1c-093-base-none;legacy-set-reconciliation-v1;203;0;0;0;0;needs-evidence;needs-evidence;inherited-legacy-estimate-with-warning;;;S-Chinese;sha256:b91d9cebd68904bb7d94203451410bfc2dbc1b2902fc5541e7de3777b64326a9;Legacy scalar has no row-level source and is not a reviewed release event.
177;~2025;approx;;Hop's Snorlax;SVP;184;—;V1;;SV Black Star Promos;Promo;OKACHEKE;holo;confirmed, pending;6;X;X;X;X;X;X;;;;;;;;;;https://www.cardmarket.com/en/Pokemon/Products/Singles/SV-Black-Star-Promos/Hops-Snorlax-V1-SVP184;svp-184-v1-none;legacy-set-reconciliation-v1;203;0;0;0;0;needs-evidence;needs-evidence;inherited-legacy-estimate-with-warning;;;English, French, German, Italian, Spanish, Portuguese;sha256:7e28ada4c5310820a9ac40a638d3543c2f7c69737fc345df93b8a881bb6333a6;Legacy scalar has no row-level source and is not a reviewed release event.
178;~2025;approx;;Hop's Snorlax;SVP;184;—;V2;;SV Black Star Promos;Promo;OKACHEKE;holo;confirmed, pending;6;X;X;X;X;X;X;;;;;;;;;;https://www.cardmarket.com/en/Pokemon/Products/Singles/SV-Black-Star-Promos/Hops-Snorlax-V2-SVP184;svp-184-v2-none;legacy-set-reconciliation-v1;203;0;0;0;0;needs-evidence;needs-evidence;inherited-legacy-estimate-with-warning;;;English, French, German, Italian, Spanish, Portuguese;sha256:f5622954fba1dc2e7a6a84746727527636edb0a8b35950bbdb5bc988a2545ab9;Legacy scalar has no row-level source and is not a reviewed release event.
179;2025-03-28;yes;;Hop's Snorlax;JTG;117;—;base;;Journey Together;Rare;GOSSAN;holo, reverse-holo;confirmed;6;X;X;X;X;X;X;;;;;;;;;;https://www.cardmarket.com/en/Pokemon/Products/Singles/Journey-Together/Hops-Snorlax-JTG117;jtg-117-base-none;legacy-set-reconciliation-v1;203;0;0;0;0;needs-evidence;needs-evidence;inherited-legacy-estimate-with-warning;;;English, French, German, Italian, Spanish, Portuguese;sha256:292b00346acfc24dd2964744eaada97be28b06f99d9f994835f269424aa65c5c;Legacy scalar has no row-level source and is not a reviewed release event.
180;~2025;approx;;Hop's Snorlax;xJTG;117;—;V1;"""Journey Together"" stamp (gift with purchase, Malaysia/Philippines/Singapore)";Journey Together: Additionals;Promo;GOSSAN;holo;confirmed;1;X;;;;;;;;;;;;;;;https://www.cardmarket.com/en/Pokemon/Products/Singles/Journey-Together-Additionals/Hops-Snorlax-V1-xJTG117;xjtg-117-v1-none;legacy-set-reconciliation-v1;203;0;0;0;0;needs-evidence;needs-evidence;inherited-legacy-estimate-with-warning;;;English;sha256:6e3e3197960fdad93fa5da82afe06ea6df115ac88eacb86bf170ff9a3387b3e5;Legacy scalar has no row-level source and is not a reviewed release event.
181;~2025;approx;;Hop's Snorlax;xJTG;117;—;V2;"""GameStop"" stamp (gift with purchase, USA/Canada)";Journey Together: Additionals;Promo;GOSSAN;holo;confirmed, pending;2;X;X;;;;;;;;;;;;;;https://www.cardmarket.com/en/Pokemon/Products/Singles/Journey-Together-Additionals/Hops-Snorlax-V2-xJTG117;xjtg-117-v2-none;legacy-set-reconciliation-v1;203;0;0;0;0;needs-evidence;needs-evidence;inherited-legacy-estimate-with-warning;;;English, French;sha256:e6cb994a6af74945393e70e883694c3ad9554d33990a01f0908cb91fc60f637f;Legacy scalar has no row-level source and is not a reviewed release event.
182;~2025;approx;;Hop's Snorlax;xJTG;117;—;V3;"""EBGames"" stamp (gift with purchase, Australia/New Zealand)";Journey Together: Additionals;Promo;GOSSAN;holo;confirmed;1;X;;;;;;;;;;;;;;;https://www.cardmarket.com/en/Pokemon/Products/Singles/Journey-Together-Additionals/Hops-Snorlax-V3-xJTG117;xjtg-117-v3-none;legacy-set-reconciliation-v1;203;0;0;0;0;needs-evidence;needs-evidence;inherited-legacy-estimate-with-warning;;;English;sha256:e1ae9f35456f9f0473bf2ba6f86cb06807d40fe144351bfeb85865eeec256064;Legacy scalar has no row-level source and is not a reviewed release event.
183;2025-06-13;yes;https://bulbapedia.bulbagarden.net/wiki/Journey_Theme_Pack_%28ATCG%29;Snorlax;CSVL1C;109;—;base;;Adventure Special Pack;Fixed;;;pending;1;;;;;;;;;;;;;X;;;https://www.cardmarket.com/en/Pokemon/Products/Singles/Adventure-Special-Pack/Snorlax-CSVL1C109;csvl1c-109-base-none;legacy-set-reconciliation-v1;203;0;0;0;0;lossless-projected;complete;newly-sourced;EVENT:3fa86dbc24052280;S-Chinese;;sha256:ef96105617985a117e708db21db6fb26a52099a26cf3d0780365ca811576e974;
184;2025-07-18;yes;;Snorlax;CSVE2C;122;—;base;;Battle Party Shining Dream;Fixed;;;pending;1;;;;;;;;;;;;;X;;;https://www.cardmarket.com/en/Pokemon/Products/Singles/Battle-Party-Shining-Dream/Snorlax-CSVE2C122;csve2c-122-base-none;legacy-set-reconciliation-v1;203;0;0;0;0;needs-evidence;needs-evidence;inherited-legacy-estimate-with-warning;;;S-Chinese;sha256:b5e447caed6b291d9470c2fa40837fd5276156893318c6df63a7bc6734301848;Legacy scalar has no row-level source and is not a reviewed release event.
185;2025-07-25;yes;;Snorlax;SV-P/ID;278;—;base;;Scarlet & Violet Indonesian Promos;Promo;;;pending;1;;;;;;;;;;;;;;X;;https://www.cardmarket.com/en/Pokemon/Products/Singles/Scarlet-Violet-Indonesian-Promos/Snorlax-SV-PID278;svpid-278-base-none;legacy-set-reconciliation-v1;203;0;0;0;0;needs-evidence;needs-evidence;inherited-legacy-estimate-with-warning;;;Indonesian;sha256:dc040f33520637e5814ee3355e339db74d4b2c35a6502e8b7a28905d6e7cb454;Legacy scalar has no row-level source and is not a reviewed release event.
186;2025-08-14;yes;;Hop's Snorlax;PPS7 JTG;JTG 117;—;base;;Play! Pokémon Prize Pack Series Seven;Prize Pack Series;GOSSAN;non-holo;confirmed, pending;6;X;X;X;X;X;X;;;;;;;;;;https://www.cardmarket.com/en/Pokemon/Products/Singles/Play-Pokemon-Prize-Pack-Series-Seven/Hops-Snorlax-PPS7JTG-117;pps7jtg-jtg117-base-none;legacy-set-reconciliation-v1;203;0;0;0;0;needs-evidence;needs-evidence;inherited-legacy-estimate-with-warning;;;English, French, German, Italian, Spanish, Portuguese;sha256:71c3015e31add7e2d626bfc11e56e8585f386fc86d1c68fbd6a2362562b7a77e;Legacy scalar has no row-level source and is not a reviewed release event.
187;2025-09-12;yes;https://bulbapedia.bulbagarden.net/wiki/Ardent_Obsidian_%28ATCG%29;Snorlax Doll;CSV5C;115;—;base;;Dark Crystal Blaze;Uncommon;;non-holo, reverse-holo;marketplace-claimed;1;;;;;;;;;;;;;X;;;https://www.cardmarket.com/en/Pokemon/Products/Singles/Dark-Crystal-Blaze/Snorlax-Doll-CSV5C115;csv5c-115-base-none;legacy-set-reconciliation-v1;203;0;0;0;0;lossless-projected;complete;newly-sourced;EVENT:baf7c012ecad08c6;S-Chinese;;sha256:a7b3a35cfeeaad3f2b3c5a2ad06bbc69efa09b5fde479de1c19efeca7cbe1b1f;
188;2025-11-28;yes;;Hop's Snorlax;m2a;136;—;base;;MEGA Dream ex;Fixed;;non-holo, reverse-holo;confirmed, pending;5;;;;;;;;;;X;X;X;;X;X;https://www.cardmarket.com/en/Pokemon/Products/Singles/MEGA-Dream-ex/Hops-Snorlax-m2a136;m2a-136-base-none;legacy-set-reconciliation-v1;203;0;0;0;0;needs-evidence;needs-evidence;inherited-legacy-estimate-with-warning;;;Japanese, Korean, T-Chinese, Indonesian, Thai;sha256:5e4a703963d24f32ce5062dccc27dafc0181996d246302eb94e5e5675ef81984;Legacy scalar has no row-level source and is not a reviewed release event.
189;2025-11-28;yes;;Hop's Snorlax;xm2a;136;—;V1;mirror holo, colourless-energy star pattern;MEGA Dream ex: Additionals;Fixed;;mirror-holo;confirmed;5;;;;;;;;;;X;X;X;;X;X;https://www.cardmarket.com/en/Pokemon/Products/Singles/MEGA-Dream-ex-Additionals/Hops-Snorlax-V1-xm2a136;xm2a-136-v1-none;legacy-set-reconciliation-v1;203;0;0;0;0;needs-evidence;needs-evidence;inherited-legacy-estimate-with-warning;;;Japanese, Korean, T-Chinese, Indonesian, Thai;sha256:bacd51581cae234da7bb97de2c044dbfa6d25cf807fca5a1ed8b009d084c3d71;Legacy scalar has no row-level source and is not a reviewed release event.
190;2025-11-28;yes;;Hop's Snorlax;xm2a;136;—;V2;mirror holo, Poké Ball pattern;MEGA Dream ex: Additionals;Fixed;;mirror-holo;confirmed;5;;;;;;;;;;X;X;X;;X;X;https://www.cardmarket.com/en/Pokemon/Products/Singles/MEGA-Dream-ex-Additionals/Hops-Snorlax-V2-xm2a136;xm2a-136-v2-none;legacy-set-reconciliation-v1;203;0;0;0;0;needs-evidence;needs-evidence;inherited-legacy-estimate-with-warning;;;Japanese, Korean, T-Chinese, Indonesian, Thai;sha256:c8ee052e21d43fd07b2d67344b66238a637c432d9dacb422058f2d9fe627a072;Legacy scalar has no row-level source and is not a reviewed release event.
191;2025-12-19;yes;https://bulbapedia.bulbagarden.net/wiki/Start_Deck_100_Battle_Collection_%28TCG%29;Snorlax;mC;567;—;base;;MEGA Start Deck 100 Battle Collection;Fixed;;non-holo;confirmed, pending;3;;;;;;;;;;X;X;X;;;;https://www.cardmarket.com/en/Pokemon/Products/Singles/MEGA-Start-Deck-100-Battle-Collection/Snorlax-mC567;mc-567-base-none;legacy-set-reconciliation-v1;203;0;0;0;0;explicitly-split;needs-evidence;newly-sourced;EVENT:d0be774fef24afd3;Japanese;Korean, T-Chinese;sha256:ff59a84c34f012286d2bfc54b6806750d45db42b84a7bba6c4f58dd7232d0251;The scalar is not copied onto languages outside the source event scope.
192;2025-12-19;yes;https://bulbapedia.bulbagarden.net/wiki/Start_Deck_100_Battle_Collection_%28TCG%29;Snorlax;mC;568;—;base;;MEGA Start Deck 100 Battle Collection;Fixed;;non-holo, reverse-holo;confirmed, marketplace-claimed;3;;;;;;;;;;X;X;X;;;;https://www.cardmarket.com/en/Pokemon/Products/Singles/MEGA-Start-Deck-100-Battle-Collection/Snorlax-mC568;mc-568-base-none;legacy-set-reconciliation-v1;203;0;0;0;0;explicitly-split;needs-evidence;newly-sourced;EVENT:d0be774fef24afd3;Japanese;Korean, T-Chinese;sha256:7c2243414a50e35644cea987be48d76c80c3dfe0a4cadd82777e7692b6928936;The scalar is not copied onto languages outside the source event scope.
193;2025-12-19;yes;https://bulbapedia.bulbagarden.net/wiki/Start_Deck_100_Battle_Collection_%28TCG%29;Hop's Snorlax;mC;569;—;base;;MEGA Start Deck 100 Battle Collection;Fixed;;non-holo;confirmed, pending;3;;;;;;;;;;X;X;X;;;;https://www.cardmarket.com/en/Pokemon/Products/Singles/MEGA-Start-Deck-100-Battle-Collection/Hops-Snorlax-mC569;mc-569-base-none;legacy-set-reconciliation-v1;203;0;0;0;0;explicitly-split;needs-evidence;newly-sourced;EVENT:d0be774fef24afd3;Japanese;Korean, T-Chinese;sha256:33be3942f96128928a45cb25ddcbdce80238791733cca465ebcee343a4638f2b;The scalar is not copied onto languages outside the source event scope.
194;2025-12-19;yes;;Snorlax;mP1;012;—;base;;MEGA Start Deck 100 Battle Collection Corociao Version;Fixed;Ounishi;non-holo;confirmed;1;;;;;;;;;;X;;;;;;https://www.cardmarket.com/en/Pokemon/Products/Singles/MEGA-Start-Deck-100-Battle-Collection-Corociao-Version/Snorlax-mP1012;mp1-012-base-none;legacy-set-reconciliation-v1;203;0;0;0;0;needs-evidence;needs-evidence;inherited-legacy-estimate-with-warning;;;Japanese;sha256:4cd85328fe486e4cff9ab571bf6e6cd0de03231285c97376da8bf1d1afba4c60;Legacy scalar has no row-level source and is not a reviewed release event.
195;2026-01-01;yes;;Hop's Snorlax;PPS8 JTG;JTG 117;—;V1;Prize Pack Series Eight, Non-Holo (physically identical to the PPS7 Non-Holo print, catalogued separately);Play! Pokémon Prize Pack Series Eight;Prize Pack Series;GOSSAN;non-holo;confirmed;6;X;X;X;X;X;X;;;;;;;;;;https://www.cardmarket.com/en/Pokemon/Products/Singles/Play-Pokemon-Prize-Pack-Series-Eight/Hops-Snorlax-V1-PPS8JTG-117;pps8jtg-jtg117-v1-none;legacy-set-reconciliation-v1;203;0;0;0;0;needs-evidence;needs-evidence;inherited-legacy-estimate-with-warning;;;English, French, German, Italian, Spanish, Portuguese;sha256:68c85dae8c3c51464db9460591ed94df15ca28d2b3549bd24a70f9ed24aa0cac;Legacy scalar has no row-level source and is not a reviewed release event.
196;2026-01-01;yes;;Hop's Snorlax;PPS8 JTG;JTG 117;—;V2;Prize Pack Series Eight, Holo (Cosmos);Play! Pokémon Prize Pack Series Eight;Prize Pack Series;GOSSAN;holo;confirmed;6;X;X;X;X;X;X;;;;;;;;;;https://www.cardmarket.com/en/Pokemon/Products/Singles/Play-Pokemon-Prize-Pack-Series-Eight/Hops-Snorlax-V2-PPS8JTG-117;pps8jtg-jtg117-v2-none;legacy-set-reconciliation-v1;203;0;0;0;0;needs-evidence;needs-evidence;inherited-legacy-estimate-with-warning;;;English, French, German, Italian, Spanish, Portuguese;sha256:7ded422af3bb8992ba503982dad5fae8430fbc2471ebb9c678e18040800f2ecf;Legacy scalar has no row-level source and is not a reviewed release event.
197;2026-01;yes;;Snorlax;SV-P/ID;286;—;base;;Scarlet & Violet Indonesian Promos;Promo;;;pending;1;;;;;;;;;;;;;;X;;https://www.cardmarket.com/en/Pokemon/Products/Singles/Scarlet-Violet-Indonesian-Promos/Snorlax-SV-PID286;svpid-286-base-none;legacy-set-reconciliation-v1;203;0;0;0;0;needs-evidence;needs-evidence;inherited-legacy-estimate-with-warning;;;Indonesian;sha256:04ce8e9520a5252bcf9eabb12e3be037e17c6193a0cc8b9d069cbb7a5530770d;Legacy scalar has no row-level source and is not a reviewed release event.
198;2026-01-16;yes;https://bulbapedia.bulbagarden.net/wiki/Blade_Awakening_%28ATCG%29;Snorlax;CSV7C;158;—;base;;Blade Awakening;Uncommon;;non-holo, reverse-holo;marketplace-claimed;1;;;;;;;;;;;;;X;;;https://www.cardmarket.com/en/Pokemon/Products/Singles/Blade-Awakening/Snorlax-CSV7C158;csv7c-158-base-none;legacy-set-reconciliation-v1;203;0;0;0;0;lossless-projected;complete;newly-sourced;EVENT:356fd63c0a03dcd0;S-Chinese;;sha256:9b8b1d92867f307014ffbbf029fc0065b13e4c288d4a44c67c460cb72c1ee9a5;
199;2026-01-23;yes;https://bulbapedia.bulbagarden.net/wiki/Nihil_Zero_%28TCG%29;Snorlax;m3;062;—;base;;Nihil Zero;Common;;non-holo;confirmed, marketplace-claimed;3;;;;;;;;;;X;X;X;;;;https://www.cardmarket.com/en/Pokemon/Products/Singles/Nihil-Zero/Snorlax-m3062;m3-062-base-none;legacy-set-reconciliation-v1;203;0;0;0;0;explicitly-split;needs-evidence;newly-sourced;EVENT:c33029980e39dba6;Japanese;Korean, T-Chinese;sha256:963c485eeb34c8cfe26833a89afed28bf0f47d692470f6a6e2ee8cf130088176;The scalar is not copied onto languages outside the source event scope.
200;2026-03-27;yes;;Snorlax;POR;063;—;base;;Perfect Order;Common;Toshinao Aoki;non-holo, reverse-holo;confirmed;6;X;X;X;X;X;X;;;;;;;;;;https://www.cardmarket.com/en/Pokemon/Products/Singles/Perfect-Order/Snorlax-POR063;por-063-base-none;legacy-set-reconciliation-v1;203;0;0;0;0;needs-evidence;needs-evidence;inherited-legacy-estimate-with-warning;;;English, French, German, Italian, Spanish, Portuguese;sha256:e63fc50d04dd446206718f268c32315c4c6fcfd6cee3160770c6d8889ebd9f77;Legacy scalar has no row-level source and is not a reviewed release event.
201;2026-04-10;yes;https://bulbapedia.bulbagarden.net/wiki/Decidueye_%26_Melmetal_%26_Koraidon_%26_Miraidon_Happy_Set_%28ATCG%29;Snorlax;CSVH4C;a003;—;base;;Happy Set Decidueye & Melmetal & Koraidon & Miraidon;Fixed;;;pending;1;;;;;;;;;;;;;X;;;https://www.cardmarket.com/en/Pokemon/Products/Singles/Happy-Set-Decidueye-Melmetal-Koraidon-Miraidon/Snorlax-CSVH4Ca003;csvh4c-a003-base-none;legacy-set-reconciliation-v1;203;0;0;0;0;lossless-projected;complete;newly-sourced;EVENT:8e9f22ec648d8500;S-Chinese;;sha256:72d2c679bbc7deb7b0151b8be911cb0dbd757cf8427da430695969a6225c2b88;
202;2026-04-10;yes;https://bulbapedia.bulbagarden.net/wiki/Decidueye_%26_Melmetal_%26_Koraidon_%26_Miraidon_Happy_Set_%28ATCG%29;Snorlax ex;CSVH4C;p006;—;base;;Happy Set Decidueye & Melmetal & Koraidon & Miraidon;Fixed;;;pending;1;;;;;;;;;;;;;X;;;https://www.cardmarket.com/en/Pokemon/Products/Singles/Happy-Set-Decidueye-Melmetal-Koraidon-Miraidon/Snorlax-ex-CSVH4Cp006;csvh4c-p006-base-none;legacy-set-reconciliation-v1;203;0;0;0;0;lossless-projected;complete;newly-sourced;EVENT:8e9f22ec648d8500;S-Chinese;;sha256:643d3b63c884b0c0021beac59d9d2600d7f49c1f43d738fddb6a60752a3440d4;
203;2026-07-16;yes;https://bulbapedia.bulbagarden.net/wiki/Together_in_Pursuit_of_Glory_%28ATCG%29;Hop's Snorlax;CSV10C;175;—;base;;Chasing Glory Together;Rare;;non-holo, reverse-holo;marketplace-claimed;1;;;;;;;;;;;;;X;;;https://www.cardmarket.com/en/Pokemon/Products/Singles/Chasing-Glory-Together/Hops-Snorlax-CSV10C175;csv10c-175-base-none;legacy-set-reconciliation-v1;203;0;0;0;0;lossless-projected;complete;newly-sourced;EVENT:abbc800a1c207cf4;S-Chinese;;sha256:9dd8ce2cdf03e7211743894083e8d9506104c6204e56015135d33bd10f10f0c0;
